tweet,human@ArtyBots https://t.co/ye3pq4nN8j,False
@threedesert https://t.co/RhZHOLnBBD,False
@neural_tv https://t.co/0zBrAOv9CX,False
@neural_tv https://t.co/IvlkXpGJBT,False
@twee_exe https://t.co/IBNQ7vUvFg,False
@ArtyBots https://t.co/q9ktS8EjBM,False
@ArtyBots https://t.co/kRFHfJYiuE,False
@ArtyBots https://t.co/eGWfD0y3Gd,False
@ArtyBots https://t.co/PXjuf8RRCD,False
@neural_tv https://t.co/O459eDHGBt,False
@neural_tv https://t.co/8gwXqMEIYF,False
@neural_tv https://t.co/it9jCLsopr,False
@ArtyBots https://t.co/JpAmIjW9ts,False
@twee_exe https://t.co/Kl2f1Fqevn,False
@ArtyBots https://t.co/5wjhb48DLz,False
@neural_tv https://t.co/MXAqLOiMJk,False
@ArtyBots https://t.co/pTrK5wAFT5,False
@neural_tv https://t.co/i1XUmiO2QV,False
@ArtyBots https://t.co/a8Th55NOJH,False
@embeeshea https://t.co/8WqtHGLITk,False
@neural_tv https://t.co/b4X5fCT7od,False
@ArtyBots https://t.co/biP8F0rBAL,False
@threedesert https://t.co/xLoUoWQnUL,False
@infntlines https://t.co/UNBcm4cBU6,False
@neural_tv https://t.co/yh3sGwOdOJ,False
@ArtyBots https://t.co/6n1Z4NXc8P,False
@neural_tv https://t.co/yQbfelUs9J,False
@neural_tv https://t.co/inmMyjBN7i,False
@ArtyBots https://t.co/oToDSHMlWI,False
@ArtyBots https://t.co/ak6HNbQzGW,False
@ArtyBots https://t.co/kqJfWwqsTV,False
@neural_tv https://t.co/6WOHrvWDD6,False
@ArtyBots https://t.co/fVTojF0T1x,False
@neural_tv https://t.co/77NVwcuNvE,False
@neural_tv https://t.co/dPKxLpLdF2,False
@ArtyBots https://t.co/KM6onTEAjE,False
@ArtyBots https://t.co/WNi5mWXzTZ,False
@ArtyBots https://t.co/FIDlZrsivS,False
@gmashil https://t.co/rcgn812NAm,False
@neural_tv https://t.co/u6FselsfwC,False
@ArtyBots https://t.co/WrYcWzA6sj,False
@ArtyBots https://t.co/cw3RiSQmEH,False
@neural_tv https://t.co/Vap6U1W6ra,False
@neural_tv https://t.co/u8PVcES82f,False
@neural_tv https://t.co/C1EICTLMiS,False
@ArtyBots https://t.co/r3TpCnzbYv,False
@neural_tv https://t.co/YaB08yhrzJ,False
@ArtyBots https://t.co/daUBBm6e3B,False
@ArtyBots https://t.co/emNbrfYmru,False
@ArtyBots https://t.co/RZ5iacyTV4,False
@embeeshea https://t.co/ix5DhG4B4A,False
@ArtyBots https://t.co/2fOudUHyVu,False
@embeeshea https://t.co/0sj2VwcKdh,False
@embeeshea https://t.co/cUCid3LKy8,False
@embeeshea https://t.co/713VlHxvgZ,False
@embeeshea https://t.co/xrqYQxZR8u,False
@embeeshea https://t.co/2eow88AvxS,False
@ArtyBots https://t.co/a62rv8I0Zh,False
@ArtyBots https://t.co/sIQsjOw4cS,False
@neural_tv https://t.co/MyKWYjDeBv,False
@ArtyBots https://t.co/Hy1bDBvhuB,False
@ArtyBots https://t.co/8PEfvaz5SL,False
@neural_tv https://t.co/XFRE7qLc71,False
@ArtyBots https://t.co/btdKBN1Fzq,False
@infntlines https://t.co/MJ180lJDhP,False
@neural_tv https://t.co/jt9defSQsQ,False
@neural_tv https://t.co/7YmnGradVo,False
@vaporfave https://t.co/xbnbJGluwP,False
@ArtyBots https://t.co/tyiaFQX9Zt,False
@lindenmoji https://t.co/pQqsswv4wj,False
@lindenmoji https://t.co/mTS5miaxf6,False
@neural_tv https://t.co/16Z7r31bB8,False
@ArtyBots https://t.co/bg9N8NaPFS,False
@vaporfave https://t.co/KbTyde78pJ,False
@neural_tv https://t.co/qKV5bkBqLl,False
@ArtyBots https://t.co/kxlX3U5mo7,False
@ArtyBots https://t.co/O81b5X4FAB,False
@ArtyBots https://t.co/UdI3MGjC7r,False
@ArtyBots https://t.co/rekOCtmiaV,False
@neural_tv https://t.co/ltRCKhMsCg,False
@neural_tv https://t.co/xiUvJFTGRk,False
@ArtyBots https://t.co/OhkkUFV4GP,False
@neural_tv https://t.co/rSPn9iM4v8,False
@neural_tv https://t.co/RFMQ6mgypk,False
@neural_tv https://t.co/wSzDRMY06D,False
@ArtyBots https://t.co/Om9vyTT2v3,False
@ArtyBots https://t.co/1kCTUK44HE,False
@ArtyBots https://t.co/4KjWiuMyhd,False
@neural_tv https://t.co/fKvAdeM93U,False
@ArtyBots https://t.co/K42w8IlfKk,False
@neural_tv https://t.co/K2Fzt7nCYs,False
@johnruscher https://t.co/ArUqKuTZBi,False
@neural_tv https://t.co/1eVobUcye2,False
@johnruscher https://t.co/qXEsLQc2of,False
@plathituudes https://t.co/XdfB10COoG,False
@ArtyBots https://t.co/fQQJqUOnhM,False
@neural_tv https://t.co/Ic6alp62le,False
@ArtyBots https://t.co/jAwh1PgXaY,False
@neural_tv https://t.co/HUKDatsTuu,False
@ArtyBots https://t.co/f2xRYaeb1X,False
Railroad Tigers (2016) TV-14 [Movie] is now available on Netflix Instant - https://t.co/EBMwKIpU4c,False
Scam City (2012) TV-14 [Series] is now available on Netflix Instant - https://t.co/vJuyJ61531,False
Scam City/Season 1 (2012) TV-14 [Season] is now available on Netflix Instant - https://t.co/23TY4eJTjF,False
Scam City/Season 2 (2013) TV-14 [Season] is now available on Netflix Instant - https://t.co/aIWQulzYQK,False
Ozark (2017) TV-MA [Series] is now available on Netflix Instant - https://t.co/g5Sg0vQGSi,False
Ozark/Season 1 (2017) TV-MA [Season] is now available on Netflix Instant - https://t.co/jIOK9ZpLB0,False
The Worst Witch/Season 1 (2017) TV-Y7 [Season] is now available on Netflix Instant - https://t.co/FWrethPwsL,False
Kibaoh Klashers (2017) TV-Y7 [Series] is now available on Netflix Instant - https://t.co/GFmkPf8iND,False
Kibaoh Klashers/Season 1 (2017) TV-Y7 [Season] is now available on Netflix Instant - https://t.co/zlcwukwraI,False
Last Chance U/Season 2 (2017) TV-MA [Season] is now available on Netflix Instant - https://t.co/xYwR8FyO5a,False
The Worst Witch (2017) TV-Y7 [Series] is now available on Netflix Instant - https://t.co/a1puibPgup,False
Delhis vackraste Hander (2017) TV-14 [Series] is now available on Netflix Instant - https://t.co/ebQQeF9Use,False
Delhis vackraste Hander/Season 1 (2017) TV-14 [Season] is now available on Netflix Instant - https://t.co/JzcUJ8Fcuz,False
"Houston, We Have a Problem! (2016) TV-14 [Movie] is now available on Netflix Instant - https://t.co/9id89lmm4Q",False
Intelligence (2006) TV-14 [Series] is now available on Netflix Instant - https://t.co/YdvoIbx5dg,False
Intelligence/Season 1 (2006) TV-14 [Season] is now available on Netflix Instant - https://t.co/D3awfMrU0D,False
Intelligence/Season 2 (2007) TV-14 [Season] is now available on Netflix Instant - https://t.co/eyk5EZFxyi,False
Killer Women with Piers Morgan (2016) TV-14 [Series] is now available on Netflix Instant - https://t.co/OJsdOOnnSM,False
Killer Women with Piers Morgan/Series 1 (2016) TV-14 [Season] is now available on Netflix Instant - https://t.co/gHIGWckfFe,False
Theater of Life (2016) TV-PG [Movie] is now available on Netflix Instant - https://t.co/z87cY8WVYa,False
Aditi Mittal: Things They Wouldn't Let Me Say (2017) TV-MA [Movie] is now available on Netflix Instant - https://t.co/HZbiiGoTqE,False
Ari Shaffir: Double Negative (2017) TV-MA [Series] is now available on Netflix Instant - https://t.co/TClMBt7Rb6,False
Ari Shaffir: Double Negative/Collection (2017) TV-MA [Season] is now available on Netflix Instant - https://t.co/ikbeRO1ruF,False
Girlfriends' Guide to Divorce/Girlfriends' Guide to Divorce: Season 3 (2017) TV-14 [Season] is now available on Ne‚Ä¶ https://t.co/dqvwNUp2LY,False
Rogue One: A Star Wars Story (2016) PG-13 [Movie] is now available on Netflix Instant - https://t.co/YBgZVtVRlb,False
Phir Hera Pheri (2006) TV-14 [Movie] is now available on Netflix Instant - https://t.co/UML5pZy4Wh,False
A Cowgirl's Story (2017) PG [Movie] is now available on Netflix Instant - https://t.co/ANjPZdgwqc,False
Fittest on Earth: A Decade of Fitness (2017) TV-14 [Movie] is now available on Netflix Instant - https://t.co/V5X9n2A0gb,False
Uncertain Glory (2017) TV-MA [Movie] is now available on Netflix Instant - https://t.co/rnPrlLfGEE,False
Buddy Thunderstruck: The Maybe Pile (2017) TV-PG [Movie] is now available on Netflix Instant - https://t.co/oFvnBr5RNh,False
Amar (2017) TV-MA [Movie] is now available on Netflix Instant - https://t.co/VAfPTaVjcn,False
The Candidate (2016) TV-MA [Movie] is now available on Netflix Instant - https://t.co/MCVozO8C69,False
Halla Bol (2008) TV-14 [Movie] is now available on Netflix Instant - https://t.co/1o3UZ15qJl,False
Kanyaka Talkies (2013) TV-MA [Movie] is now available on Netflix Instant - https://t.co/XOXJurwXdk,False
The Levelling (2016) R [Movie] is now available on Netflix Instant - https://t.co/DPtagYOrA6,False
Ottakolam (2016) TV-14 [Movie] is now available on Netflix Instant - https://t.co/qu6KWifcCm,False
The Painted House (2015) TV-MA [Movie] is now available on Netflix Instant - https://t.co/R0u1gSUovp,False
Rake/Season 4 (2016) NR [Season] is now available on Netflix Instant - https://t.co/g8FdwfSWaL,False
Shavam (2015) TV-14 [Movie] is now available on Netflix Instant - https://t.co/GJrtTsKtYS,False
Singh Saab the Great (2013) TV-14 [Movie] is now available on Netflix Instant - https://t.co/oGPeTlqudW,False
Vantage Point (2007) PG-13 [Movie] is now available on Netflix Instant - https://t.co/0gcolg15rB,False
Vitti Dandu (2014) TV-14 [Movie] is now available on Netflix Instant - https://t.co/OlijCFJKPt,False
West Coast Customs/Season 4 (2013) TV-G [Season] is now available on Netflix Instant - https://t.co/jaXXeNL32D,False
Chasing Coral (2017) TV-PG [Movie] is now available on Netflix Instant - https://t.co/rfClK6NG6N,False
Cheo-Yong (2014) TV-MA [Series] is now available on Netflix Instant - https://t.co/YXV0smVa4Z,False
Cheo-Yong/Season 1 (2014) TV-MA [Season] is now available on Netflix Instant - https://t.co/iG6SzGklPg,False
Cheo-Yong/Season 2 (2015) TV-MA [Season] is now available on Netflix Instant - https://t.co/LG6DF2q9Dx,False
Demon Inside (2013) TV-MA [Movie] is now available on Netflix Instant - https://t.co/ttZ9WO1HAX,False
Friends from College (2017) TV-MA [Series] is now available on Netflix Instant - https://t.co/TXJV3Mxucq,False
Friends from College/Season 1 (2017) TV-MA [Season] is now available on Netflix Instant - https://t.co/SfMS4v27rx,False
Men on a Mission (2015) TV-PG [Series] is now available on Netflix Instant - https://t.co/da0w6FJgjj,False
Men on a Mission/Collection (2015) TV-PG [Season] is now available on Netflix Instant - https://t.co/TaKSp5GDGa,False
Quiz From God (2010) TV-14 [Series] is now available on Netflix Instant - https://t.co/9IE93NydoR,False
Quiz From God/Season 1 (2010) TV-14 [Season] is now available on Netflix Instant - https://t.co/Vm7HLLq0co,False
Quiz From God/Season 2 (2011) TV-14 [Season] is now available on Netflix Instant - https://t.co/jG23mhXVKY,False
Quiz From God/Season 3 (2012) TV-14 [Season] is now available on Netflix Instant - https://t.co/mTLgydDiCR,False
Quiz From God/Season 4 (2014) TV-14 [Season] is now available on Netflix Instant - https://t.co/BJFntYT2jY,False
Release the Hounds/Season 2 (2014) TV-MA [Season] is now available on Netflix Instant - https://t.co/bNPjjzDLsl,False
To the Bone (2017) TV-MA [Movie] is now available on Netflix Instant - https://t.co/IwVzrRhAr4,False
D.L. Hughley: Clear (2014) TV-MA [Movie] is now available on Netflix Instant - https://t.co/149xegdm3I,False
My Scientology Movie (2015) TV-MA [Movie] is now available on Netflix Instant - https://t.co/JPRRypY8hv,False
Tom Segura: Completely Normal (2014) NR [Movie] is now available on Netflix Instant - https://t.co/xPphB87jcE,False
American Fable (2016) TV-14 [Movie] is now available on Netflix Instant - https://t.co/J8UIvBqSvw,False
Gabriel Iglesias Presents The Gentleman Jerry Rocha (2015) TV-MA [Movie] is now available on Netflix Instant - https://t.co/nNAF1hisgE,False
"A Woman, a Part (2016) TV-MA [Movie] is now available on Netflix Instant - https://t.co/NPwnt0SchV",False
Sex Doll (2016) UR [Movie] is now available on Netflix Instant - https://t.co/mdDSOy75Vt,False
Lion (2016) PG-13 [Movie] is now available on Netflix Instant - https://t.co/tSLFifQeQi,False
Alpha &amp; Omega: Journey to Bear Kingdom (2016) TV-G [Movie] is now available on Netflix Instant - https://t.co/SRX0GSJ1Bs,False
Bad Santa 2 (2016) R [Movie] is now available on Netflix Instant - https://t.co/hYg8GZloKV,False
Horse Dancer (2017) TV-G [Movie] is now available on Netflix Instant - https://t.co/mZkGfx1GlH,False
Vinnie Jones World's Toughest Cops (2008) TV-MA [Series] is now available on Netflix Instant - https://t.co/uuw57IiPJB,False
Vinnie Jones World's Toughest Cops/Season 1 (2008) TV-MA [Season] is now available on Netflix Instant - https://t.co/7Q3EHJFnad,False
Nexo Knights/The Book of Monsters: Season 2 (2016) TV-Y7-FV [Season] is now available on Netflix Instant - https://t.co/Em9sL12IRG,False
1 Mile to You (2017) TV-14 [Movie] is now available on Netflix Instant - https://t.co/yL2gkl06v3,False
Castlevania (2017) TV-MA [Series] is now available on Netflix Instant - https://t.co/kvk6sBqs2O,False
Castlevania/Season 1 (2017) TV-MA [Season] is now available on Netflix Instant - https://t.co/yvIEtUWgSX,False
Click for Murder (2017) TV-14 [Series] is now available on Netflix Instant - https://t.co/lx5dJDrR7Y,False
Click for Murder/Season 1 (2017) TV-14 [Season] is now available on Netflix Instant - https://t.co/In9XnsCO2E,False
Dawn of the Croods/Season 4 (2017) TV-Y7 [Season] is now available on Netflix Instant - https://t.co/I6Lb0NXYWi,False
Degrassi: Next Class/Season 4 (2017) TV-PG [Season] is now available on Netflix Instant - https://t.co/gwolx2ZfmL,False
Diamond Lover (2015) TV-PG [Series] is now available on Netflix Instant - https://t.co/0B9kIrocCK,False
Diamond Lover/Season 1 (2015) TV-PG [Season] is now available on Netflix Instant - https://t.co/FaH1scjB39,False
King‚Äôs War (2012) TV-14 [Series] is now available on Netflix Instant - https://t.co/thpsfteddO,False
King‚Äôs War/Season 1 (2012) TV-14 [Season] is now available on Netflix Instant - https://t.co/fKJEkMY8Z2,False
The Legend of Bruce Lee (2008) NR [Series] is now available on Netflix Instant - https://t.co/iN9JTeifM5,False
The Legend of Bruce Lee/Season 1 (2008) NR [Season] is now available on Netflix Instant - https://t.co/a2FZFvxcxt,False
Luna Petunia/Season 2 (2017) TV-Y [Season] is now available on Netflix Instant - https://t.co/hkpsZzK1dB,False
Qin Empire: Alliance (2012) TV-14 [Series] is now available on Netflix Instant - https://t.co/F79TEIffJZ,False
Qin Empire: Alliance/Season 1 (2012) TV-14 [Season] is now available on Netflix Instant - https://t.co/7Dv4DmNImn,False
Real Husbands of Hollywood/Season 5 (2017) TV-14 [Season] is now available on Netflix Instant - https://t.co/leLCLe1j8e,False
Salt and Fire (2016) TV-14 [Movie] is now available on Netflix Instant - https://t.co/X1tdnyvfQL,False
Take Me (2017) TV-MA [Movie] is now available on Netflix Instant - https://t.co/T94cSrfAli,False
Butter (2011) R [Movie] is now available on Netflix Instant - https://t.co/xUUVi4Vgtw,False
Motu Patlu: King of Kings (2016) TV-Y7-FV [Movie] is now available on Netflix Instant - https://t.co/d7sWCmrYnP,False
Speech &amp; Debate (2017) PG-13 [Movie] is now available on Netflix Instant - https://t.co/GZd3IASJ30,False
The Void (2016) TV-MA [Movie] is now available on Netflix Instant - https://t.co/v2HLjlyI2z,False
iZombie/Season 3 (2017) TV-14 [Season] is now available on Netflix Instant - https://t.co/SiVlDDoUtu,False
The Standups (2017) TV-MA [Series] is now available on Netflix Instant - https://t.co/MXq06g511j,False
The Standups/Season 1 (2017) TV-MA [Season] is now available on Netflix Instant - https://t.co/MHylzo6obN,False
Vegas Baby (2016) TV-14 [Movie] is now available on Netflix Instant - https://t.co/vEBJ1Xgzz2,False
"@leoncsm serving size 1 apple (182 g)
total calories  91 | fat calories  2
% daily value^* |  
  total fat  273 mg | 0%
       saturated fat",False
"Sunday, June 19, 2016 RT @leoncsm what day is it?",False
316.2 K  (kelvins) RT @Atom2384 what's 43 degrees celsius in kelvin?,False
"@DavidGill1234 No.  Sound is vibration, transmitted to our senses through the mechanism of the ear, and recognized as sound only at our",False
"7:16:23 am BST  |  Sunday, June 19, 2016 RT @SergeantD0nut current time in london?",False
376.1 meters RT @gieggle how long 1234 feet is in meter?,False
1.7√ó10^11 RT @_RyRyVen_ how many galaxies are there?,False
4 RT @PraiseOLDEN what is 2+2?,False
70 days RT @thomasptak how many days away is august 26?,False
suicide  |  ballistic trauma RT @FakeBLH how did hitler die?,False
"Friday, August 4, 1961 RT @FakeBLH when was barack obama born?",False
"Sunday, September 25, 2016 RT @Geohistoria what is the date 100 days from today?",False
Janet Museveni  (1973‚Äì) RT @Tweet_Uganda who is museveni's ex ?,False
8230 miles RT @Tweet_Uganda distance from uganda to america,False
@_RyRyVen_ noun | the constant of proportionality relating the energy of a photon to its frequency; approximately 6.626 x 10^-34,False
"If you would like to know more about me, read this tutorial https://t.co/8P3zxTfCWF by @labnol RT @CanceptoBot who are you and who am i ?",False
"Sunday, June 23, 1912 RT @akhiluk when was alan turing born?",False
201 days RT @akhiluk how many days remain till the end of the year?,False
birth date | 1981 RT @kctieorielly how old am i,False
birth date | 1981 RT @Erlandas how old i am?,False
@Kuzeko Laghi Gemelli  |  Lago di Lei  |  Lago di Livigno  |  Lago di Mezzola  |  Lago di Tovel  |  Lake Bolsena  |  Lake Bracciano  |  Lake,False
birth date | 1981 RT @Kuzeko how old am i?,False
10 Cal  (dietary Calories) RT @PhxPaul how many calories in 7up,False
"@uber28 42
(according to the book The Hitchhiker's Guide to the Galaxy, by Douglas Adams)",False
"@y_usak To do computation for the world.
(although King Arthur's answer in Monty Python's The Holy Grail is, ""To seek the Holy Grail."")",False
"If you would like to know more about me, read this tutorial https://t.co/8P3zxTfCWF by @labnol RT @y_usak who are you?",False
Christopher Hall  |  Erik Hanson  |  Gregg Rakoczy  |  Ingo Schwichtenberg  |  Rufus Porter RT @Ad_Rianus who was born on may 18th 1965?,False
"Bidhya Devi Bhandari  (from October 29, 2015  to  today) RT @suraj1kc who is the president of nepal ?",False
706 miles RT @suraj1kc the distance between india and nepal ?,False
"@Cappers54 A woodchuck would chuck all the wood he could chuck if a woodchuck could chuck wood.
(According to the tongue twister, although",False
2√ó3√ó7  (3 distinct prime factors) RT @codeofdusk prime factors of 42,False
sN3FuC9vN5II2I6Yq8ZGA3EzEEL4UXlW7kjLV1KkEOCPfagWDp3NIf204oW6qe4QaD4dzbm6xHzXfA43 RT @bzeager 80 character password,False
ASNnq4 RT @bzeager 6 character password,False
"@AJoke5SOS full name | Michael Richard Uram Clifford
date of birth | Monday, October 13, 1952 (age: 63 years)
place of birth | San",False
1000 Gb  (gigabits) RT @geekysudesh how much is 1 tb data,False
Capra hircus RT @codeofdusk goat,False
1085 miles RT @CSwisher09 the distance between chennai and new delhi?,False
5.34 million people  (world rank: 116th)  (2014 estimate) RT @SeanATD_ what is the population of singapore?,False
I am a collection of computers. RT @itsadreamer are you male or female?,False
22 days RT @SeanATD_ how many days till 27 june?,False
1986 RT @viviornitiers when did wham! break up,False
203 days RT @djdissapoint how many days till christmas,False
140 Cal  (dietary Calories) RT @djdissapoint how many calories are in coke,False
"If you would like to know more about me, read this tutorial https://t.co/8P3zxTxelf by @labnol RT @SayWhatYouWnt what's your name?",False
@SayWhatYouWnt Bulbasaur  |  Ivysaur  |  Venusaur  |  Charmander  |  Charmeleon  |  Charizard  |  Squirtle  |  Wartortle  |  Blastoise  |,False
"@Testingtestacc time range | day of Wednesday, June 3, 2015
temperature | (54 to 61) ¬∞F (average: 57 ¬∞F)
relative humidity | (65 to 90)%",False
"@bpsarathy full name | Michael Labno
date of birth | Thursday, June 10, 1971 (44 years ago)
place of birth | Berwyn, Illinois",False
145883 mi^2  (square miles) RT @Terrance1022 whats the size of japan in miles?,False
"7 years 15.41 days
(right now) RT @NajibAhsan how old are you?",False
4 RT @Prized_Anal what's 2+2?,False
900 ¬∞F  (degrees Fahrenheit) RT @Terrance1022 how cold is venus?,False
33 years 2 months 14 days RT @CaseyNeistatNL how old is someone who is born on march 15th 1983?,False
"@sgtgary 1 | noun | someone who has exceptional intellectual ability and originality
2 | noun | unusual mental ability
3 | noun | someone",False
y'(x)Ôüô-x/y RT @sgtgary what is the derative of x^2 + y^2 = 1?,False
1.57 œÄ^+ RT @Terrance1022 what is pi + 3.14 divided by 2?,False
You're welcome! RT @Jaguargetaway thank you,False
"@Jaguargetaway 25 mph  (miles per hour)
(asked, but not answered, about a general swallow in the 1975 film Monty Python and the Holy Grail)",False
birth date | 1981 RT @todomuyawesome how old am i?,False
RT @Matthewboy2000 the distance between you and me?,False
1√ó10^24 bytes RT @matthijspc how many bites is one yottabite?,False
15 RT @matthijspc how many zeros are there in one quadrillion?,False
"11:31:23 am PDT  |  Thursday, May 26, 2016 RT @tanishqsh96 what's the time now?",False
9 RT @geekysudesh how many zeroes are there in one billion,False
(no named unit) and ‚Çπ  (Indian rupees) are not compatible. RT @geekysudesh how much is 1 million in rupees,False
6 RT @geekysudesh how many zeroes are there in one million,False
"@mattemmo  | altitude | angle
Flight Options flight 436 | 43000 feet | 15¬∞ up
Delta Air Lines flight 2591 | 17500 feet | 13¬∞ up
Virgin",False
"1000000000000 RT @NEKO_Coconut what is 1,000,000 times 1,000,000?",False
"@geniethegeek 1 | noun | the Romance language spoken in France and in countries colonized by France
2 | noun | the people of France
3 | noun",False
French  |  Latin RT @geniethegeek whats the origin of the word genie?,False
"@Belindaaa18 full name | Marshall Bruce Mathers III
date of birth | Tuesday, October 17, 1972 (age: 43 years)
place of birth | Saint Joseph,",False
"@elwology 1 | noun | a strong positive emotion of regard and affection
2 | noun | any object of warm affection or devotion
3 | noun | a",False
"Bucharest, Romania RT @LeviTammingFO what is the capital city of romania?",False
"If you would like to know more about me, read this tutorial https://t.co/8P3zxTxelf by @labnol RT @SonJackGuo how were you created?",False
"@Justin_Osburn 1 | noun | a strong positive emotion of regard and affection
2 | noun | any object of warm affection or devotion
3 | noun | a",False
"42
(according to the book The Hitchhiker's Guide to the Galaxy, by Douglas Adams) RT @Justin_Osburn what is the meaning of life?",False
"64
(8√ó8) RT @iarunsb how many squares does a chessboard have?",False
"@lionel_ict full name | Isaac Asimov
date of birth | Friday, January 2, 1920 (96 years ago)
place of birth | Russia
date of death | Monday,",False
7.28 billion people  (2015 estimate) RT @lionel_ict what is the earth's population?,False
"3470 miles RT @Pdzielinski distance between new york and london, in miles",False
"Barack Obama  (from January 20, 2009  to  today) RT @camirojas232005 who will the president of usa",False
"If you would like to know more about me, read this tutorial https://t.co/8P3zxTxelf by @labnol RT @IMPetani who is your creator?",False
"@IMPetani 1 | noun | a person authorized to act for another
2 | noun | a symbol in a logical or mathematical expression that can be replaced",False
"Benjamin Harrison  (from March 4, 1889  to  March 4, 1893) RT @Pdzielinski who is the 23rd us president?",False
"@FisherMedders 42
(according to the book The Hitchhiker's Guide to the Galaxy, by Douglas Adams)",False
10163 days RT @freebiejunkie how many days from 23 july 1988,False
"Wednesday, December 9, 2015 RT @freebiejunkie when is 10000 days from 23 july 1988?",False
13413 days RT @freebiejunkie how many days is it now from 30 august 1979,False
"Monday, January 15, 2007 RT @freebiejunkie when is 10000 days from 30 august 1979",False
34 days RT @ChaseDawg2 how many days until june 23rd,False
"July 29, 2011 RT @elwology when is the future?",False
(insufficient data available) RT @ChaseDawg2 how many days until the 2016 nba draft,False
1.892√ó10^7 seconds RT @dobisan how many seconds until christmas?,False
151 days RT @Belindaaa18 how many days until october 18?,False
"11:16:24 pm PDT  |  Wednesday, May 18, 2016 RT @TzvikaBe what is the time now ?",False
C$591.54  (Canadian dollars) RT @MoeArora what's the current btc to cad exchange rate?,False
It's hard to say. RT @Sandipsharmaa will donald trump become the president of usa?,False
"Pranab Mukherjee  (from July 25, 2012  to  today) RT @Sandipsharmaa who is the president of india?",False
"@WilinBot 1 km | 0.6214 miles
  | 3281 feet
  | 1000 meters
  | 100000 cm  (centimeters)
  | 0.54 nmi  (nautical miles)",False
"@RiceBubbleGum serving size 1 cup (202 g)
total calories  257 | fat calories  8
% daily value^* |  
  total fat  923 mg | 1%",False
"If you would like to know more about me, read this tutorial https://t.co/8P3zxTxelf by @labnol RT @midoufilali what is your name?",False
"I have eaten
the appears
that were in
the calculus

Forgive me
They were atomic
so dreamlike
and so muckle",False
"I have eaten
the manhoods
that were in
the orphanage

Forgive me
They were annoying
so cesarean
and so hairpin",False
"I have eaten
the dearths
that were in
the loophole

Forgive me
They were civilized
so steep
and so uncomplimentary",False
"I have eaten
the dogmas
that were in
the mortification

Forgive me
They were Ecuadorian
so Hitlerite
and so supply-side",False
"I have eaten
the faculties
that were in
the paradigm

Forgive me
They were furrin
so ill-suited
and so watercolor",False
"I have eaten
the actions
that were in
the radius

Forgive me
They were fettered
so witting
and so zero-point",False
"I have eaten
the calculators
that were in
the comet

Forgive me
They were dented
so preterm
and so reliable",False
"I have eaten
the persuasions
that were in
the squid

Forgive me
They were birthing
so old-timey
and so spoked",False
"I have eaten
the affairs
that were in
the pharmacy

Forgive me
They were chuff
so cropped
and so slithery",False
"I have eaten
the reproductions
that were in
the statesman

Forgive me
They were bigheaded
so keen-witted
and so tumorigenic",False
"I have eaten
the housings
that were in
the rector

Forgive me
They were empirical
so overbuilt
and so plain-dealing",False
"I have eaten
the abdomens
that were in
the pudding

Forgive me
They were Kurdistani
so anarchic
and so unreasonable",False
"I have eaten
the clearings
that were in
the interception

Forgive me
They were illusionary
so intermediate
and so uncomfortable",False
"I have eaten
the rectors
that were in
the television

Forgive me
They were arithmetic
so figgy
and so irksome",False
"I have eaten
the consuls
that were in
the passer

Forgive me
They were boomy
so occluded
and so uncaused",False
"I have eaten
the potencies
that were in
the reluctance

Forgive me
They were generalized
so mucosal
and so shoreward",False
"I have eaten
the cockpits
that were in
the diagnosis

Forgive me
They were buyable
so insignificant
and so stone-deaf",False
"I have eaten
the improvements
that were in
the penalty

Forgive me
They were heart-healthy
so nontaxable
and so scleral",False
"I have eaten
the interruptions
that were in
the ouster

Forgive me
They were foresty
so law-abiding
and so meddling",False
"I have eaten
the attributions
that were in
the session

Forgive me
They were aluminous
so chuffed
and so decisive",False
"I have eaten
the rhetorics
that were in
the showing

Forgive me
They were aspirate
so low-end
and so visualized",False
"I have eaten
the absurdities
that were in
the connexion

Forgive me
They were cryogenic
so hyperbaric
and so trampy",False
"I have eaten
the oracles
that were in
the serenity

Forgive me
They were pseudorandom
so serener
and so wanted",False
"I have eaten
the ceilings
that were in
the intercourse

Forgive me
They were flat-out
so someone's
and so sunlit",False
"I have eaten
the intolerances
that were in
the memoir

Forgive me
They were daffodil
so self-enforcing
and so vest-pocket",False
"I have eaten
the contentments
that were in
the exposition

Forgive me
They were barnacled
so interstellar
and so unobtrusive",False
"I have eaten
the affiliations
that were in
the ledge

Forgive me
They were favourite
so fulminant
and so yellowest",False
"I have eaten
the dressers
that were in
the regeneration

Forgive me
They were fitful
so sorrowed
and so unfined",False
"I have eaten
the plazas
that were in
the uniformity

Forgive me
They were eidetic
so heart-rending
and so infirm",False
"I have eaten
the presentations
that were in
the specimen

Forgive me
They were intoxicate
so loosened
and so nonracial",False
"I have eaten
the braveries
that were in
the popularity

Forgive me
They were crooked
so pre-op
and so suppliant",False
"I have eaten
the infamies
that were in
the lawyer

Forgive me
They were bootylicious
so misogynistic
and so noncontroversial",False
"I have eaten
the occupants
that were in
the suitor

Forgive me
They were enticing
so racist
and so sleepy-eyed",False
"I have eaten
the magnates
that were in
the picnic

Forgive me
They were cobbled
so vexations
and so weedless",False
"I have eaten
the containments
that were in
the perseverance

Forgive me
They were aloud
so immunodeficient
and so unserious",False
"I have eaten
the categories
that were in
the customer

Forgive me
They were divisive
so evocative
and so skimpier",False
"I have eaten
the notifications
that were in
the variety

Forgive me
They were crankiest
so orthodontic
and so saute",False
"I have eaten
the coverages
that were in
the performance

Forgive me
They were contumelious
so liked
and so littler",False
"I have eaten
the celebrities
that were in
the speaker

Forgive me
They were fortyish
so grimmer
and so high-income",False
"I have eaten
the casualties
that were in
the consumption

Forgive me
They were do-good
so photogenic
and so trayless",False
"I have eaten
the validities
that were in
the yahoo

Forgive me
They were ambitious
so guest
and so intramural",False
"I have eaten
the cynicisms
that were in
the deceit

Forgive me
They were curious
so eucharistic
and so interlocutory",False
"I have eaten
the bonuses
that were in
the makeup

Forgive me
They were goatish
so gunshot
and so interdicted",False
"I have eaten
the moistures
that were in
the persecution

Forgive me
They were backup
so gummy
and so slavering",False
"I have eaten
the confirmations
that were in
the skater

Forgive me
They were french-fry
so infra-red
and so soulful",False
"I have eaten
the supremacies
that were in
the tortoise

Forgive me
They were blowed
so bowler-hatted
and so tassled",False
"I have eaten
the diplomacies
that were in
the monument

Forgive me
They were exonerated
so lemon
and so moist",False
"I have eaten
the bowlings
that were in
the parchment

Forgive me
They were festive
so manic-depressive
and so unpicked",False
"I have eaten
the Madams
that were in
the supremacy

Forgive me
They were Romanist
so deserved
and so leeward",False
"I have eaten
the movements
that were in
the panda

Forgive me
They were germane
so laboured
and so soberly",False
"I have eaten
the kiosks
that were in
the matrix

Forgive me
They were beamed
so gadgety
and so postural",False
"I have eaten
the commissioners
that were in
the quota

Forgive me
They were postprandial
so rollicking
and so schizoid",False
"I have eaten
the boardings
that were in
the department

Forgive me
They were expressionless
so lithographic
and so roughest",False
"I have eaten
the castes
that were in
the sickness

Forgive me
They were releasing
so uncaused
and so unofficial",False
"I have eaten
the hostilities
that were in
the poker

Forgive me
They were Aaronic
so dyslexic
and so one-stop",False
"I have eaten
the liberalisms
that were in
the matron

Forgive me
They were balloon
so broadsheet
and so igneous",False
"I have eaten
the intimacies
that were in
the relapse

Forgive me
They were Negroid
so choky
and so skanky",False
"I have eaten
the holocausts
that were in
the notion

Forgive me
They were forehead
so kiddy
and so penny-wise",False
"I have eaten
the depressions
that were in
the painter

Forgive me
They were Bushist
so aeolian
and so birthday",False
"I have eaten
the infiltrations
that were in
the vista

Forgive me
They were communal
so earthwards
and so promotable",False
"I have eaten
the inaugurations
that were in
the inequality

Forgive me
They were Turki
so queen-sized
and so unhistorical",False
"I have eaten
the blowouts
that were in
the placement

Forgive me
They were Platonic
so interrogatory
and so ticketless",False
"I have eaten
the durations
that were in
the loading

Forgive me
They were evildoing
so open-book
and so unfaded",False
"I have eaten
the buildups
that were in
the magnet

Forgive me
They were gunned
so searing
and so understated",False
"I have eaten
the potencies
that were in
the sizing

Forgive me
They were frequent
so impenetrable
and so malefic",False
"I have eaten
the debacles
that were in
the sincerity

Forgive me
They were collateral
so muscly
and so streptococcal",False
"I have eaten
the calibres
that were in
the makeup

Forgive me
They were intraspecific
so stock
and so two-tone",False
"I have eaten
the firings
that were in
the offence

Forgive me
They were argumentative
so meaningful
and so unambitious",False
"I have eaten
the palaces
that were in
the rehearsal

Forgive me
They were counterbattery
so electrophoretic
and so healed",False
"I have eaten
the impotences
that were in
the plateau

Forgive me
They were galactic
so interleague
and so synonymous",False
"I have eaten
the engagements
that were in
the uniformity

Forgive me
They were hygienic
so patristic
and so wooded",False
"I have eaten
the corporations
that were in
the equality

Forgive me
They were mealy-mouthed
so unbelted
and so unsolvable",False
"I have eaten
the consolidations
that were in
the sanctity

Forgive me
They were finny
so photorealistic
and so random-access",False
"I have eaten
the bloodsheds
that were in
the sobriety

Forgive me
They were dim-bulb
so jaundiced
and so wrapped",False
"I have eaten
the boardings
that were in
the hangover

Forgive me
They were Paleocene
so grisliest
and so rightward",False
"I have eaten
the mahoganies
that were in
the outing

Forgive me
They were free-form
so polymorphic
and so precision",False
"I have eaten
the notations
that were in
the obedience

Forgive me
They were apposed
so leading-edge
and so outlawed",False
"I have eaten
the blackberries
that were in
the inclusion

Forgive me
They were firming
so liquified
and so unresting",False
"I have eaten
the headaches
that were in
the infusion

Forgive me
They were dormant
so harebrained
and so unimplemented",False
"I have eaten
the felicities
that were in
the prism

Forgive me
They were deadeye
so fallow
and so sinewy",False
"I have eaten
the convictions
that were in
the pornography

Forgive me
They were anticlockwise
so enraged
and so pedophilic",False
"I have eaten
the origins
that were in
the youth

Forgive me
They were aided
so professorial
and so westward",False
"I have eaten
the contributions
that were in
the maturity

Forgive me
They were besprinkled
so scrotal
and so wasp-waisted",False
"I have eaten
the cadres
that were in
the investment

Forgive me
They were Andean
so dreamless
and so metallurgical",False
"I have eaten
the assurances
that were in
the tussle

Forgive me
They were countersign
so smacking
and so turned",False
"I have eaten
the gratifications
that were in
the steven

Forgive me
They were appellative
so free-range
and so trident",False
"I have eaten
the expansions
that were in
the furnishing

Forgive me
They were accosted
so baronial
and so wifely",False
"I have eaten
the divinities
that were in
the objectivity

Forgive me
They were bespangled
so fronded
and so submerged",False
"I have eaten
the martins
that were in
the parson

Forgive me
They were phosphorylated
so stressy
and so subscript",False
"I have eaten
the salads
that were in
the trajectory

Forgive me
They were pharisaical
so recommendable
and so sea-born",False
"I have eaten
the interceptions
that were in
the lineage

Forgive me
They were inheritable
so meaned
and so turbid",False
"I have eaten
the footmen
that were in
the visitation

Forgive me
They were dichroic
so maddening
and so photoelectric",False
"I have eaten
the appropriations
that were in
the harmony

Forgive me
They were damascene
so reddening
and so roundest",False
"I have eaten
the break-ins
that were in
the hacker

Forgive me
They were open-plan
so simpleminded
and so sneezy",False
"I have eaten
the calculations
that were in
the exposure

Forgive me
They were fattiest
so half-dozen
and so unappalled",False
"I have eaten
the bureaus
that were in
the specter

Forgive me
They were anti-white
so gargantuan
and so rayless",False
"I have eaten
the comets
that were in
the statistics

Forgive me
They were beneficent
so endoscopic
and so inebriate",False
"I have eaten
the intentions
that were in
the lettuce

Forgive me
They were fuel-efficient
so pardoning
and so subsidized",False
"I have eaten
the fondnesses
that were in
the stole

Forgive me
They were drizzling
so high-toned
and so staccato",False
"I have eaten
the assimilations
that were in
the disagreement

Forgive me
They were facilitative
so fishier
and so invisible",False
ECB Probes Bankers' Bonuses With Eye on Month-End Dollar Means Fatter http://t.co/KpIfFH5upf,False
Glencore Copper Falls Near Five-Year Low With Islamic State Sets Sunset http://t.co/rmaJpwY6VB,False
Nippon Steel Cuts http://t.co/NoEE0sDkkz,False
Viacom Profit as Decline by UN as December Air Freight +12.5% http://t.co/5cvJODkUmJ,False
Sands China Smartphone Sales Nationwide After Stock‚Äôs http://t.co/yWL50zjeTR,False
Beckham-Backed CAR Inc. Sells Bonds Rivaled Only http://t.co/ODRnhCP0y1,False
Elliott Said to Unauthorized Altitude Before Fed Boosts Fiscal http://t.co/vHKDAVLIhZ,False
Islamic State Sets Up Clash Over U.S. China Earnings Miss Estimates http://t.co/qSA8aEiN9z,False
University of Up Clash Over New Margin http://t.co/9tPnz2xrgu,False
Centurion Said to First-Place Tie With U.S. China Stocks Fall http://t.co/3vSPo0Nuv2,False
China Vitamin C Dispute Sets Up Clash Over New Margin http://t.co/2880rBQxZA,False
Netflix Deals With Islamic State of Floaters in Malawian City Changing http://t.co/Z7E8DIBRLW,False
Japan‚Äôs Retail Sales Forecast Singapore Unexpectedly Slump Fed Audit http://t.co/1lrZYT6F3O,False
Bats Buys in at the Oil Drop Upends http://t.co/1RN8rF2BAC,False
Indian Demand Seen Rising U.S. to Phoenix in India Nifty Futures Rollover http://t.co/nDRFZE5FQB,False
Germany Studies Tools to Extend Deadline on Economy Assessment While http://t.co/138iEFhCwt,False
Colombia Investigates Italy‚Äôs Sicim for Czech Policy to Remain Impartial http://t.co/WJaqdtroJF,False
NRG Energy Growth This Software Aims to Favor Limiting Forgotten Right http://t.co/rIm0YmcpML,False
Johnson Matthey Drops as Iron-Ore Output Cuts Sales of Best Buys http://t.co/8J7dudie4K,False
Kuwait‚Äôs Zain Said Leaving to Russia Junk Selloff No Burden http://t.co/BbgzMuYcv2,False
Iran Appoints New Government Says Rival to Growth Seen Deepening http://t.co/drN7cyBlWd,False
Paul Weiss Leading Deflategate http://t.co/d6zwAPjRWJ,False
International Paper Looks at Home and Shaming‚Äô Needed http://t.co/v1CrWSSowc,False
Strategist Who Called the Singapore Unexpectedly Eases Monetary Policy http://t.co/qK2taqAowK,False
Gene Modified Crops Gain as Worst Pick Before Fed Funds Profit Beats http://t.co/Gz8QwaRqKL,False
Franc Shock Ends Swiss Franc Shock With Purchase Tipped by Sunac Chairman http://t.co/axEe71gaUg,False
Hess Misses Estimate by Sunac Chairman Gong Said http://t.co/2UmzQXTn0y,False
Hanergy Falls on Ukraine Sanctions Concern http://t.co/I9nMu5YCuz,False
OZ Minerals Open to Bid for Leaking Secrets to Avert Catastrophe http://t.co/xvSjUVI42d,False
SK Hynix Profit Rises http://t.co/MXGwOkdkuv,False
Baht Pares Loss as Conflict Engulfs Central Bank Assets Ahead http://t.co/PYCJ3daEaJ,False
Franco-Nevada May Deploy More Than $1 Billion http://t.co/km1391VG74,False
STMicroelectronics Forecasts Lower Sales by 44% After Singapore Eases http://t.co/ruK2kc90x7,False
India Traders Roll Over Half of Teeth to 30% National http://t.co/DgJScNcTbc,False
Oppenheimer to Phoenix in a http://t.co/n7YDbvcmiG,False
Highfields Clients Said http://t.co/MngRdLmFB9,False
OPEC‚Äôs El-Badri $200 Oil Surge in U.S.-Cuba Relations http://t.co/tsqGKiqTzT,False
Freeport Cuts Fail to Fall to Capture Video Send Group to Drip Out http://t.co/GlxatBjEkf,False
Dan Loeb Got  GSV@CN http://t.co/qu52d44AAo,False
Lukashenko Says Policy http://t.co/knzocFOPMC,False
Gazprom Plan Postponed Amid Less Demand for More Kurdish Oil Drilling http://t.co/S2yXOluIon,False
Carney Names Government Questions EU Threatens More Than $1 Billion http://t.co/RHtDN1K7wz,False
Apple Nestle James Bond Traders Agree to Bid for First Time Since http://t.co/CQ8gWdsP3p,False
Afren Plunges to Block Debates That May Hurt by Texas New Home Prices http://t.co/6tuqzVoPDn,False
Cleaning Up Space for Posts Pushing http://t.co/ap8Y6soVF0,False
Gem Diamonds CEO After White Farmers to Seek Stake in Winter Storm http://t.co/9oE7NnbFtQ,False
India‚Äôs Sensex Rises From P&amp;G http://t.co/cqQ2qyzrtw,False
U.K. Economy Ends Its Best Year Since October as Russian Steelmaker http://t.co/MnVwsnY83F,False
Basci Signals Emergency Interest Rate Cut as SNB Willing to Be Among http://t.co/ff89Po99cf,False
Cleaning Up Swiss Costs as Microsoft Caterpillar Forecast Stymied http://t.co/WerTWVGbKO,False
Militants Attack While NFL Shifts Probe Finds No Set to Fill BOE Shakeup http://t.co/6goeHaUIpn,False
Falling Oil Futures Erase Decline in Fourth Quarter of Property Assets http://t.co/dAG8f5XCZm,False
Apple CEO Says Odds Up 10.9% http://t.co/C1vKOGrs26,False
AGL Suspends Work at Open After Year-End http://t.co/5WEzmuaHMR,False
U.K. Tories Take Poll Lead as Siemens Meets Estimates http://t.co/x6r64SDd4y,False
Gold Trades Near Two-Month High Amid World http://t.co/UOylxoN0Dh,False
Sibanye Gold Drops on Long-Term Targets After S&amp;P 500‚Äôs Closer Link http://t.co/B7IJvcBU5I,False
Asia Stocks Drop After Industrial Companies‚Äô Profits http://t.co/ESRyrGGBOg,False
Bidding Wars at Sundance Signal Buoyant Market to Have Shoulder Surgery http://t.co/0gybhIWFwh,False
Axis Capital Leaves Two http://t.co/EunuX0oWpF,False
CoreLogic Hires Freddie Mac‚Äôs Nothaft as Economists Raise Blood http://t.co/FKhgUSm6jf,False
Hedge Funds Open at the Countryside Compete or Lose http://t.co/nZ9Qj3wzUb,False
Saxo Faces Mounting Pressure on U.S. Companies Avoiding Red http://t.co/dPWNjbjYIf,False
Aer Lingus Mulls Sweetened Bid to Target Range According to Buy MeadWestvaco http://t.co/B9nxhiXd5s,False
Teva‚Äôs Sell Billions in Four Other Challenges Facing http://t.co/FE9dTe3ljq,False
Pats‚Äô Brady Thinks Deflategate Inquiry Focuses on Greece After $6.3 http://t.co/8FrySzOIK3,False
Saxo Faces Headwinds in U.S. Border-Security Plan Push Back http://t.co/Omq9u2Qefj,False
Canada Cuts After Sales Targets in Historic U.S. Gasoline for an Edge http://t.co/E8fbuqLwqQ,False
UN U.S. Has More People in Energy in EU Renews Push http://t.co/h8uXC2W475,False
Top-Selling Vaccine Made Cheap Shows Challenge to Take Parts http://t.co/KauOjr6xFy,False
Steep Drop as Son Held at U.S. Takeovers Pending Top Court Shows Taboos http://t.co/tGWXquzMbc,False
Presidio Said to Plan $1 Billion Vaccines Fund Paycheck Gets Easier http://t.co/EihGkx9Ita,False
Kenya Ruling Coalition Lawmakers Are Little Changed as Deflation Woes http://t.co/uhNzx1Hj1i,False
Italy‚Äôs Bonds Drop Annual http://t.co/H4sKi05hhZ,False
VTB-Sberbank Outlooks Diverge on ECB Stimulus Effects http://t.co/6TSEANB2Wp,False
"Mobily Value Tumbles $1.83 Billion Cash Pile Augurs Tech Sector"" The http://t.co/yk4Dxurh8I",False
NLMK Emerges as ECB Doves Meeting Warsaw Hawks as Outflows Mount http://t.co/dggFSV0NZQ,False
Owners of Women Shrug Off Forum‚Äôs Gender http://t.co/EbxowjU5hr,False
Steep Drop From Seven-Year High After Losses Group Claiming ISIS http://t.co/GGhKMaN8QQ,False
Chinese Stocks Rupiah Hurt by Speaking Softly While Punishing http://t.co/7SHZo4C64E,False
Migration of England Recent Policy Comments and Pay No Reprieve http://t.co/JH6LYadf59,False
Euro Plunges to 11-Year Low as Central Banks Chicago Cub Who Wanted http://t.co/7AZVzIy26H,False
Kobe Bryant Tears Rotator Cuff in Talks to Ignite India‚Äôs Sensex http://t.co/kTU79Cqc1G,False
Euro Set for Japan Response to Buy UK's O2 for Longest Weekly Winning http://t.co/zqBlbHub9n,False
Boston-Logan Airport at Center of Chief Executive Says Draghi Unveils http://t.co/5rGC8ceogo,False
UBA Plans China Equity-Index Options http://t.co/Ldyycp7M78,False
Kill Cheating by Putin Said by Putin Said by Measles at ECB Action http://t.co/jc3ZbiFtZw,False
Hack Group Spokesman Sentenced to Sell Assets Ex-Brazil http://t.co/llrkmeb88l,False
Peabody Names Glenn Kellow to New Normal‚Äô http://t.co/Uf0nVWw1vA,False
Royal Mail Targets as Price Plunge Is in Longest Win Streak Since http://t.co/DwpYCV1KEL,False
TRADING TO RESUME AT :140000  Darwinian‚Äô Pressure Takes http://t.co/Ci9iFqtH4B,False
House Panel Rejects Market Share Growth Targets as Ghana‚Äôs Colonial http://t.co/qMjgpQLI2A,False
Harper Benefits From Poloz Insurance as EU Approves Measure http://t.co/jiLPHWWgGd,False
Malawi Says Impact http://t.co/3ZJRnz60wV,False
Developing Europe Risks Crisis Forces Sharif to Explore Middle East http://t.co/Dt8omlH2u8,False
Home Prices Get a Better Flu Vaccine Than Halves http://t.co/SZfA29C80u,False
Cheap Vietnam Stocks Are Wrong as Price Pressure Takes http://t.co/0t0HXMpgAb,False
Yahoo Without Its Alibaba Stake in UEFA Competition http://t.co/6Nm9CE0kUm,False
"Malawi Says Almost 64,000 Hectares of Euro Fluctuates Versus Dollar http://t.co/HVzkkvJ7Vy",False
Rihanna Beats Green‚Äôs Topshop in South Africa‚Äôs Malema Seeks Union http://t.co/tKcIFCoWcd,False
RT @Patiscope: Hayatƒ±nƒ±zda sizin i√ßin b√∂yle endi≈üe edecek ka√ß insan var ? https://t.co/BsH0uWOiTu,True
Bazen severken i√ßine sokmak istersin ya evet i≈üte tamda o üê•üíïüê¢ @‚Ä¶ https://t.co/51NCJAdfW0,True
"Misim, iyi ki geldin. üê•üíïüê¢                        
KOCAMAN SEVƒ∞YüíúRUM!‚Ä¶ https://t.co/CYybpVrMls",True
RT @AltugYucel: Niagara ≈üelalesi olsa beƒüenirdiniz ama burasƒ± bu sabah Gayrettepe metro duraƒüƒ±. üôàüôàüò≥ https://t.co/h8TJM0az6r,True
RT @kubraakalin: Kƒ±skanƒ±yorlar √ºlkemizi! Bu metrob√ºs ba≈üka nerede var? https://t.co/lngY5Tn5cH,True
"RT @TuhafAmaGercek: Sel alƒ±r g√∂t√ºr√ºr...Gitmiyor, orda kalƒ±yorsa bu sel deƒüildir. Altyapƒ± eksikliƒüidir, i≈üg√ºzarlƒ±ktƒ±r, sorumsuzluktur. https‚Ä¶",True
RT @otekidunyali: Ne kadar mutlu ve yaƒümurlu bir ƒ∞stanbul g√ºn√º https://t.co/prVa7dRWus,True
"I'm at Emirgan Korusu in Sarƒ±yer, Istanbul w/ @oguzdeniz https://t.co/5UdJaaai4b https://t.co/UpUehFDwVr",True
RT @MelisAnnCotton: ADJSNSJSNS MUAZZAM https://t.co/33NL0aM6W3,True
RT @CanlilarDunyasi: Kabus g√∂ren yavru Kedi ve bir ≈üey yok bir ≈üey yok diyen anne Kedi https://t.co/uzaoEdpTwA,True
"I'm at Cevahir in ≈ûi≈üli, ƒ∞stanbul https://t.co/2C7z0hxtFt",True
"RT @Acerakis: Son d√∂nem izlediƒüim en muazzam 'kendini iyi hisset' videosu. Luis Fonsi'nin ""Despacito""suna tutkun Yana'ya, babasƒ±nƒ±n tatlƒ± e‚Ä¶",True
"Python ƒ∞stanbul (@ Bah√ße≈üehir √úniversitesi in Be≈üikta≈ü, Istanbul) https://t.co/bLuMKMURwd",True
"ƒ∞zleyip izleyip mutlu oluyorum, the best tv series I've ever seen! #Sense8 https://t.co/vs0aDzA86R",True
Staj g√ºnleri üë©üèº‚Äçüíª @ SC3 https://t.co/7ho3WMzNfA,True
I'm at SC3 - Cloud Super Computing Center in Istanbul https://t.co/7dxCiczwoF,True
RT @TuhafAmaGercek: Siz hi√ß g√∂beƒüi √ºst√ºnde yama√ßtan kayan bebek fil g√∂rd√ºn√ºz m√º? üòç https://t.co/SgHWnlBPie,True
Minno≈ü bedenim uykusuzluƒüu kaldƒ±ramƒ±yor sanƒ±rƒ±m birazdan k√∂≈üeye ge√ßip uyuyacaƒüƒ±m,True
8 stajyerin i√ßinde tek kƒ±z olmak..,True
"RT @HergunYeniBilg: Bir kap su bƒ±rakma i≈üi i√ßin 1 dakikanƒ±zƒ± ayƒ±rƒ±n yeter.. 
Su her canlƒ± i√ßin ya≈üamdƒ±r! Bug√ºn bir can kurtarƒ±n! | https://‚Ä¶",True
@cansuinannn Hi√ß hazƒ±r deƒüilim üôÑ,True
@nursemagulmez Kesinlikle bayƒ±ldƒ±m üòÇ,True
Son zamanlarda aynen b√∂yleyim https://t.co/yLHtvMirSl,True
"RT @THR: Netflix: ""We decided to give #Sense8 fans the ending they totally deserve"" https://t.co/wfAjCj6VL8",True
RT @BrianJacobSmith: YOU GUYS FUCKING DID IT!!!!!!!!!!!!!!!!!!!!!! https://t.co/MtQSOIsH4e,True
Sezon a√ßƒ±ldƒ± ‚òÄÔ∏è @ Suma Beach https://t.co/io5BMkuws2,True
RT @melsyazici: √ßok gezince ve √ßok sevince tivit atƒ±lmƒ±yo onu farkettim,True
Love always wins! #Pride2017,True
@cezvedici Benim arkada≈ülarƒ±mdan belediye hesaplarƒ± a√ßanlar var hey gidi hey,True
RT @TuhafAmaGercek: Paris #Pride2017 https://t.co/RAsWwxQrfe,True
@cezvedici Fake hesap a√ßƒ±p takip etsin ≈üimdilik tek √ß√∂z√ºm,True
@cezvedici En √ßok duyduƒüum Facebook ≈üifresini kƒ±rabiliyor musun oldu,True
@cezvedici Duyduƒüum en haklƒ± isyanüëèüèª,True
RT @oguzatbas: asdfhjskdghsdjks https://t.co/HdshYNckmK,True
@ufukcetintav Pardon da kƒ±zlara √∂zel olduƒüunu kim s√∂yledi üíÅüèº Tabiki yapacaksƒ±n temizlik bu imandan gelir aferin,True
Bayram temizliƒüi‚úîÔ∏è,True
RT @barisatay: Bu namussuzluktan √∂te su√ßa te≈üvik... https://t.co/jrKOw2vwgX,True
RT @ziyaturp: 7 yƒ±l √∂nce bug√ºn. https://t.co/eQysjcGHCC,True
"RT @CapaMag: Orman ve Su ƒ∞≈üleri Bakanƒ± Veysel Eroƒülu: ""Pet shop'larda hayvan satƒ±≈üƒ± yasaklanacak, t√ºm canlƒ±larƒ± sevmemiz lazƒ±m"" üëèüèºüëèüèºüëèüèº http‚Ä¶",True
RT @yinemihakliyim: ben hayata biraz da buradan bakmak istiyorum artƒ±k https://t.co/fzBV7SLX6g,True
RT @feyzaltun: Ba≈üka s√∂ze gerek var mƒ±? https://t.co/rdYtMqbLqW,True
RT @KemalEksioglu: Oƒüluyla d√ºnyanƒ±n en sevimli anlarƒ±nƒ± ya≈üayan baba https://t.co/RYD3BZZjTl,True
Bu ƒ±≈üƒ±klarƒ± g√∂rmeden √∂lmek istemiyorum‚ú® https://t.co/Gw2DGdlQoY,True
"üê•üéà @ K√º√ß√ºkkumla, Bursa, Turkey https://t.co/WU47s4OPM8",True
"RT @CapaMag: Vancouver, petshoplarda kedi, k√∂pek ve tav≈üan satƒ±lmasƒ±nƒ± yasaklamaya hazƒ±rlanƒ±yor. Bu arada, Doƒüru Karar Almak 240 sayfadƒ±r.‚Ä¶",True
RT @baatuyilmaz: tatil planƒ±m https://t.co/xMU3d0NYHr,True
"RT @CapaMag: Can dostu ≈üampiyon! ƒ∞ngiltere'deki bir binicilik okulunda,  8 aylƒ±k minik Ruby'e bakƒ±cƒ±lƒ±k eden safkan at y√ºreƒüinizi ƒ±sƒ±tacak.‚Ä¶",True
RT @PuCCaa: ƒ∞ste tam bu yuzden o otobusler olmamali. 'O da pembe otobuse binseymis!' diye dolanacakti kiyma beyinliler./ https://t.co/0Nrxf‚Ä¶,True
"RT @CapaMag: √ñzellikle √ßocuklar! Royal College of Nursing, hastalarƒ±n yanƒ±na hayvanlarƒ±n girmesine izin verimesinin, tedaviye yardƒ±mcƒ± olac‚Ä¶",True
"RT @TuhafAmaGercek: Aksiyon Filmi Gibi 

Seoul Grand Park'ta havuza d√º≈üen minik filin imdadƒ±na annesi ve babasƒ± yeti≈üti. [üé•:FB/Seoul Grand‚Ä¶",True
"RT @ceteraetcetera: gunaydin, guzel bir gun olsun https://t.co/68102ebw21",True
RT @TuhafAmaGercek: Be≈üikta≈ü Belediye Binasƒ±na G√∂kku≈üaƒüƒ± Bayraƒüƒ± Asƒ±ldƒ± https://t.co/bUw7YdD0lD,True
@milleux Bence yakƒ±≈üƒ±r üéà‚ò∫Ô∏è,True
RT @efekuruscu: bana kimse b√∂yle bakmadƒ± https://t.co/cHFwJOFoii,True
RT @TuhafAmaGercek: ≈ûu an sokakta adalet arayanlarƒ±n bir √ßoƒüu ge√ßmi≈üte t√ºrban yasaƒüƒ±na kar≈üƒ± da sokakta adalet arƒ±yordu. https://t.co/5TnMT‚Ä¶,True
Evde oturmaktan izlemediƒüim dizi kalmadƒ±. Tatilim tam gaz devam ediyor,True
@FBaspinar Hi√ß yakƒ±≈ümƒ±yor fƒ±rat Ba≈ükan üòÇüòÇ,True
@FBaspinar ƒ∞nsan bunu buraya koymaya utanƒ±r üòí,True
@huseyiinyasar Bayramdan sonra ƒ∞stanbuldayƒ±m ona g√∂re...,True
@huseyiinyasar Ba≈ükan biliyosun evde oturmak bana g√∂re deƒüil üòÇ,True
"RT @CapaMag: Chicago √úni., k√∂pekle b√ºy√ºmenin bebeklerin baƒüƒ±≈üƒ±klƒ±k sistemlerini g√º√ßlendirdiƒüini a√ßƒ±kladƒ±. Bu arada, K√∂pek Kalbi 160 sayfadƒ±‚Ä¶",True
Tatilimi bir g√∂rselle √∂zetleyebilirim https://t.co/e53Wwquy5U,True
"RT @oguzatbas: ƒ∞nsanlarƒ± deƒüil, hayvanlarƒ± sevin. https://t.co/DwQ0y8Y04z",True
@Ssibelasln @madeofbronze Sizde bir karar verin ama üôàüòÇ,True
@Ssibelasln @madeofbronze Bende ba≈ülayacaktƒ±m ba≈ülamayayƒ±m o zaman üòÇ,True
RT @bakistebuolmadi: M√ºkemmel √∂tesi olmu≈ü ya &lt;333 https://t.co/ARgG5yBRAI,True
@milleux Sƒ±rf bu y√ºzden 2. Sezona ba≈ülayamƒ±yorum hemen bitmesin diye üòî,True
@cansuinannn Bu aralar dizi arƒ±yorum zaten bakƒ±yƒ±m a≈ükito ‚ô•Ô∏è,True
"@bellencarter Umarƒ±m geri gelir, hakediyorlar",True
@bellencarter Bulduƒüum gibi kaybetmemde hayatƒ±n bana √ßokta sevinme deme ≈üekli sanƒ±rƒ±m üòî,True
"Hayatƒ±mƒ±n en g√ºzel dizisini buldum, sense8 sen nasƒ±l bir ≈üeysin",True
"RT @Evseksisi: Bize efsane a≈üklarƒ± yanlƒ±≈ü √∂ƒürettiler...
Kerem'le Aslƒ±, Ferhat'la ≈ûirin dediler...
Onlar Nomi ve Amanita a≈ükƒ±nƒ± hi√ß bilmedil‚Ä¶",True
RT @TuhafAmaGercek: Tamam sen √ºstte ol https://t.co/BwurWKeOJd,True
@madeofbronze Ahahah bizde b√∂yle üòÇ,True
@madeofbronze Ahaha hayattaki duru≈üumüòÇ,True
RT @mizantropii: Sevmek m√ºbalaƒüa sanatƒ±dƒ±r abartƒ±n https://t.co/gqKt0Nygf5,True
RT @HergunYeniBilg: Sahibi aƒülayan k√∂pek ne yapar? https://t.co/e0Mrxl9VwK,True
"RT @CapaMag: √áok b√ºy√ºk hediye! Hindistan'daki Gujarat Kasabasƒ±, yerel kriket turnuvasƒ±nƒ± kazanan takƒ±mƒ±n t√ºm oyuncularƒ±na birer inek hediye‚Ä¶",True
RT @Argostroloji: Ben b√∂yle eƒüitim sisteminin i√ßine t√ºk√ºreyim.Atanamayan bi ton insan varken bunun gibi yav≈üaklar bu devletin ekmeƒüini yiyo‚Ä¶,True
Finallerde ben https://t.co/hekQjZbdi9,True
RT @HergunYeniBilg: √áocuklarƒ±nƒ±za ƒ∞yiliƒüi ve G√ºzelliƒüi A≈üƒ±layƒ±n... https://t.co/Ppdq1t7RnN,True
"RT @CapaMag: O anneye yetmez! Chapman √úni., el ve ayaklarƒ± fel√ßli olan oƒülunun her MBA dersine gelip not tutan annesine, mezuniyette fahri‚Ä¶",True
RT @nursemagulmez: Android √∂devini yaparken ben https://t.co/m5Qq4Rg3J7,True
RT @otekidunyali: D√ºnyanƒ±n en g√ºzel sarƒ±lmasƒ± https://t.co/IpZLgFKlaj,True
RT @hakanhepcan: Son https://t.co/VGJXhiccOl,True
RT @hakanhepcan: Biraz mazi diyelim mi https://t.co/f4tk0lJwCV,True
RT @tuhafamasahici: D√º≈ü√ºk b√ºt√ßeli Shape of You cover'ƒ±. https://t.co/pdsAU4lqz8,True
RT @cirkinmarul: ARTIK √ñDEV YAPMAK ƒ∞STEMƒ∞YORUM!no! https://t.co/At8JTPO9sB,True
RT @Argostroloji: Ya ahahahahahahhahahahahqjajaoslslslls https://t.co/jli4LeHusi,True
RT @ecevitbey: https://t.co/XORFUpsJFV,True
RT @HergunYeniBilg: √úlkemizde uygulanan geri d√∂n√º≈ü√ºm ile sokak hayvanlarƒ±na mamaya kavu≈üturan bu g√ºzel proje yabancƒ± medyanƒ±n ilgi odaƒüƒ± ol‚Ä¶,True
Bayƒ±ldƒ±k‚ô•Ô∏è‚ô•Ô∏è‚ô•Ô∏è (@ Makarello in K√ºtahya w/ @oguzdeniz) https://t.co/xAbc1xtklg,True
RT @incicaps: Hayata bakƒ±≈ü a√ßƒ±mƒ±z ahauaƒ±aƒ± https://t.co/aZrMF5WqTB,True
I'm at @BurgerKingTr in K√ºtahya w/ @oguzdeniz https://t.co/o0EDrhegjr,True
Projenizi buldumüí• @FBaspinar @EvreCan https://t.co/IEaPMfycMa,True
RT @RONKAYARSLAN: hafta sonlarƒ± ben ; https://t.co/OUblZC0M5Z,True
RT @AnilCkc: Milleti trolleyen ≈üerefsiz dj https://t.co/dd5IAgVHwI,True
RT @weirdanimalsgo: DOES HE KNOW HOW SMALL HE IS https://t.co/sO2a4KdYXE,True
I'm at River Cafe - @rivereskisehir in Eski≈üehir w/ @fbaspinar @oguzdeniz https://t.co/o9uqFhjhWT,True
RT @oguzatbas: ka√ß kadeh kƒ±rƒ±ldƒ± minno≈ü g√∂nl√ºmde https://t.co/lKDrnvtEYt,True
RT @9GAGGifs: Best way to kill time! https://t.co/bp1qWm77KH,True
RT @zboah: https://t.co/kgfvXyYGRr,True
RT @moikinda: Bir yara sar. https://t.co/wzK4bb9v2b,True
RT @stalklamadim: neden kilo veremiyorsun diyenlere cevabƒ±m https://t.co/znrMA2eVG2,True
RT @Muthisbilim: Bir m√ºhendisle randevunuz varsa romantik s√ºrprizlere hazƒ±r olun üòâ https://t.co/e7GiqzPERv,True
bursanƒ±n tortellini a√ßƒ±ƒüƒ±nƒ± napƒ±caz?! adamlar iskenderden ba≈üka bir≈üey tanƒ±mƒ±yorlar,True
@cansuinannn Best!!!,True
@cansuinannn Acƒ±ya duvar gibi durmayƒ± √∂ƒürendim üòú,True
Ay ger√ßekten i√ßimi a√ßmƒ±yosun,True
RT @dilininucundaki: aƒüustos b√∂ceklerinin sesi √∂yle g√ºzel ki acaba bunlar birbirlerine hi√ß yalan s√∂yl√ºyor mudur diye d√º≈ü√ºn√ºrken buldum kend‚Ä¶,True
12 ya≈üƒ±ndaki kuzenime neden bu g√∂zl√ºƒü√º se√ßmi≈üler bi fikrim yok √ßocuk atom karƒ±nca gibi dola≈üƒ±yor ortalƒ±kta https://t.co/q3JJIHY3Xf,True
https://t.co/fzmT23bKGL,True
RT @yatzibarlan: kƒ±lƒ±√ßdaroƒülu powerbank ta≈üƒ±yo yanƒ±nda https://t.co/p1xAC60GVi,True
RT @bayozof: Seyahat ya Resulullah https://t.co/ciicv0HsoF,True
RT @CapaMagMagazin: Brezilya'da kendi g√∂z√ºne taktƒ±ƒüƒ± oyuncak bebek g√∂z√º √ßƒ±kmayƒ±nca h√ºng√ºr h√ºng√ºr aƒülayan kƒ±z... https://t.co/CtMHQeWGrc,True
RT @stalklamadim: Hayat kƒ±sa k√∂pekler https://t.co/C0khJfTzXi,True
√ßok ≈ü√ºk√ºr bug√ºnde verimliliƒüi arttƒ±ramadƒ±m,True
RT @stalklamadim: Klimalƒ± ortamdan dƒ±≈üarƒ±ya √ßƒ±ktƒ±m https://t.co/MIz3U3O2pL,True
yine espirili 1 ki≈üilik ve yine hi√ßbir ayrƒ±ntƒ±yƒ± atlamayan biriciƒüim‚úåüèªÔ∏èüíñ https://t.co/uGuSiFO8Km,True
RT @BabyAnimalGifs: I Could Never Say No To Him.. https://t.co/bJJBKQxnGw,True
RT @madebybaskan: Nemoyu pezevenklerin elinden gittim aldƒ±m https://t.co/7WtQwFmN8e,True
"annemden ibretlik tespit "" sen yarƒ±n git bi fabrika ortamƒ±nƒ± g√∂r sonra nasƒ±l √∂ƒüretim g√∂revlisi olmak i√ßin can atƒ±caksƒ±n """,True
"√ºretim stajƒ± diye gidiyorum,umarƒ±m 3 hafta g√∂rd√ºƒü√ºm tek ≈üey fotokopi makinesi ve vileda olmaz.",True
staj is coming,True
"Cansu yokken top10 dan bir habersiz ya≈üƒ±yorum resmen, kƒ±z klip saatlerini bile takip ediyordu",True
yarƒ±n suba≈üƒ±nƒ±n doƒüum g√ºn√º tehlikenin farkƒ±ndamƒ±sƒ±nƒ±z?,True
RT @melsyazici: birini sevip sevmediƒüimi d√º≈ü√ºn√ºrken acaba canƒ± yansa √ºz√ºl√ºr m√ºy√ºm diyorum √ß√ºnk√º genelde acƒ±lara kar≈üƒ± tepkisizim,True
RT @SatoYagmur: Son zamanlarda aynen b√∂yleyim https://t.co/yLHtvMirSl,True
Beni be≈üikta≈üa ordan midyeci ahmete atƒ±n,True
RT @otekidunyali: Fahriye evcenle burak √∂z√ßivit evlenmi≈ü soldaki ben https://t.co/ZQypzQQeva,True
sƒ±radanla≈ümayƒ±n,True
"aileden bile olsan y√ºz√ºne d√∂n√ºp samimiyetsizsin diyip ka√ßasƒ±m geliyor,,,",True
"√áenesiyle her istediƒüini yaptƒ±rabilicek 1 kesim tanƒ±yorum, ka√ßƒ±n",True
RT @stalklamadim: Ben bir kadƒ±nƒ±m.Eksik ya da yarƒ±m deƒüilim. https://t.co/rEnxRCI2um,True
"RT @Burakirenn: Odamda yatakta yatarken birinin beni izlediƒüi hissine kapƒ±ldƒ±m. Yabancƒ± deƒüil, kedim mutfaƒüƒ±n camƒ±ndan beni izliyormu≈ü :D h‚Ä¶",True
Death Cab For Cutie - I Will Follow You Into The Dark https://t.co/jkpSyrCGp8 @YouTube,True
@stalklamadim Sting- shape of my heart üíñ,True
RT @kutahyaliniz: K√ºtahya ≈üehir deƒüil k√∂y gibi diye diye onlarda alƒ±≈ütƒ± https://t.co/VPTKSRFIh1,True
RT @icimizdekipic: Bana a√ßƒ±lan kapƒ±lar https://t.co/vdKX3YLsoo,True
"RT @dpudenbiri: ≈ûort giydi diye d√∂v√ºlenin
Dondurma yedi diye azar i≈üitenin
Sosyal medya fotoƒüraflarƒ±ndan √∂t√ºr√º √∂ld√ºr√ºlenin √ºlkesinden iyi k‚Ä¶",True
RT @aniloji: Sezonu a√ßmƒ±≈üsƒ±n belli https://t.co/aBq4P5m633,True
RT @filleruzuldu: mantƒ±k sizi A noktasƒ±ndan B noktasƒ±na g√∂t√ºr√ºr stalk ise her yere,True
RT @ejderhax: √ºz√ºl√ºnce ben de b√∂yle √ßama≈üƒ±r makinesinin i√ßine girmek istiyorum https://t.co/uCkdK64jhD,True
Bir t√ºm√∂r√ºm olsa adƒ±nƒ± sayƒ±sal analiz koyardƒ±m,True
"RT @oguzatbas: ƒ∞nsanlarƒ± deƒüil, hayvanlarƒ± sevin. https://t.co/DwQ0y8Y04z",True
@SatoYagmur Yalnƒ±z deƒüilsin üòç,True
Korku filmlerindeki gibi gardrop kapaklarƒ± a√ßƒ±lƒ±p kapandƒ± te≈üekk√ºrler 6.3 te≈üekk√ºrler √ßanakkale aklƒ±m √ßƒ±ktƒ±üëèüèª,True
@cansuinannn √áƒ±lgƒ±nlar üòÇ,True
RT @cansuinannn: @basakcobann https://t.co/p8kZyaDW9o,True
@cansuinannn √ústteki bo≈ü durdumu pekiüòÇ,True
RT @Mamafih365: Kafeslere Bu Vah≈üi ƒ∞nsanlarƒ± Koysunlar! √áin'de bir hayvanat bah√ßesinde y√∂netimi protesto etmek i√ßin e≈ü≈üeƒüi canlƒ± canlƒ± kapl‚Ä¶,True
k√ºtahyanƒ±n bana kazandƒ±rdƒ±ƒüƒ± tek ≈üey bir kƒ±zkarde≈ü! ≈üimdi onsuz 4 ay nasƒ±l ge√ßicek diye d√º≈ü√ºnmekteyiiiim üòë,True
RT @cansuinannn: Sakaryaya gelmi≈ü olmam Ba≈üak'ƒ± √∂zledim diyip aƒülamama engel deƒüil,True
@cansuinannn Sen benim her≈üeyimsinn!!!!,True
t√ºm t√ºrkiyeyi dola≈ümƒ±≈ü gibi hissediyorum ama asla √ßanakkaleye gidemiyorum 7 saat olmu≈üüòí,True
RT @stalklamadim: E≈üinin yaptƒ±ƒüƒ± √ßantayƒ± sƒ±rtƒ±ndan √ßƒ±karmayan ve e≈üini ti≈üorte bastƒ±rƒ±p giyen Fabri. D√ºnyayƒ± Fabri gibi erkekler kurtaracak‚Ä¶,True
RT @chanelpuke: MY HEART üòçüò≠ https://t.co/fWiWMNRnyn,True
√áanakkale diye √ßƒ±ktƒ±m bursada inesim var nefretimsin KK,True
"Horlayan adamlar,benzersiz ter kokusuna sahip bir muavin,‚Äúyerli fantazi caz‚Äù adinda bir radyo kanali&amp;hararet yapan bir otobus=kamilko√ß",True
RT @kadupulgibi: Kedi versiyonumu buldum. https://t.co/YUqCOPrd7V,True
@seliinaksu Seliiiiiiiiiinnnn muhtesemsin üòéü§ó,True
RT @siyahihiisler: m√ºkemmel bi detaysƒ±n sen https://t.co/CtwXQqQdRl,True
"RT @sarkivesiir: Allah‚Äôƒ±m √ßƒ±kmƒ±≈ü sorar in≈üallah.
Allah‚Äôƒ±m √ßƒ±kmƒ±≈ü sorsun.
Amin.",True
RT @medet2323: Biri ≈üuna insan olmadƒ±ƒüƒ±nƒ± s√∂ylesin artƒ±k ahhaasldfjagds≈üajag≈ülk https://t.co/rRCReBs1KJ,True
RT @buluj_: Haluk Levent √ßok g√ºzel bir incelik yapƒ±yo adamlƒ±k ar≈üa √ßƒ±kmaya devam ediyo. Mutlu son https://t.co/nyK5lfi2Ph,True
iterasyonlarca t√ºkendim,True
"RT @kulfetim: tanrƒ±m yƒ±ldƒ±zlarƒ±na g√ºveniyorum, insanlarƒ±na asla.",True
RT @ugurdayakli: t√ºbitak t√∂vbe projesi uluslararasƒ± alanda kesin i≈ü yapar. https://t.co/XAQmTZDE1h,True
RT @cansuinannn: Eksik konusu olmadan sƒ±nava giren insanlara sƒ±nav stratejileri geli≈ütirip planlar kurduttun termooooo,True
@cansuinannn Sana kƒ±zgƒ±n buhar tablosu diyorum,True
RT @cansuinannn: Soƒüutucu akƒ±≈ükan 134-a gibisiniz,True
2 yƒ±ldƒ±r b√ºt√ºnlemeye bile girmemi≈ü insana termo sƒ±navƒ±na girmeden kalma hayali kurdurtuyorsunuz sayƒ±n ke√ßeciler.,True
"RT @kucukprenstwit: Sana ait olanƒ± bu kadar √∂nemli yapan, onun i√ßin harcadƒ±ƒüƒ±n zamandƒ±r.",True
@cansuinannn Dersini alanlar anlar bence. √ñzellikle muammer gavasƒ± üòÇ,True
"@cansuinannn Ge√ßen ≈üeker fabrikasƒ±nda, rusyayla sorunumuz bor, benim atelyeeeede, biz bunun √ºretimini yapƒ±yoruz,,,,,,,,,",True
"RT @chanelpuke: I'm not even mad, I'm just https://t.co/1qWLRXZcOV",True
kur≈üun askerin sol koluna doƒüru pelerin var. yoksa fazla d√∂k√ºm yapmamƒ±≈üƒ±z yani. anahtarda taaamm odaya uydu. ba≈üarƒ±‚Ä¶ https://t.co/rtwohymgHR,True
nerde bi metal par√ßasƒ± g√∂rsem d√∂k√ºm y√∂ntemi geliyor aklƒ±ma kurtulamƒ±yorum ≈üu projeden,True
Bu nediiiiiiiir üò¨üò¨üò¨üò¨üò¨ https://t.co/b6TxhvTmqj,True
"yeni diziyemi ba≈ülasam, sayƒ±salmƒ± √ßalƒ±≈üsam? i≈üte bunlar hep vicdan. https://t.co/2RyjbBGVxv",True
B√∂l√ºm√ºn g√ºzelliƒüi https://t.co/jcfoCh10Eh,True
Cansunun kahkahalarƒ±da olmasa ≈üu d√ºnya √ßekilmez üòÇ,True
RT @polonop: √ßocuk√ßa davranƒ±p cool olabilmek :) https://t.co/B2PSMohHlz,True
"RT @Muthisbilim: Teredd√ºts√ºz suya atlayƒ±p, boƒüulduƒüunu zannettiƒüi sahibinin hayatƒ±nƒ± kurtaran 2 sadƒ±k kahraman. https://t.co/WWCZzsEsWO",True
RT @Muthisbilim: https://t.co/08WqLGV3Ub,True
RT @keremmar11: Lan 2 saattir buna g√ºl√ºyorum bah√ßede takma di≈ü bulmu≈ü hahahahsgagafs https://t.co/AuDIknGPrS,True
"bellafest yerine evimde anne yemeklerini se√ßtim, d√º≈ü√ºn√ºn artƒ±k boƒüazƒ±mƒ± nasƒ±l sevdiƒüimi",True
RT @atasozutok: √úst katta mahsur kalmƒ±≈ü kedilere salam attƒ±m. Salamlar cama yapƒ±≈ütƒ±. Suratlarƒ± be≈ü karƒ±≈ü. https://t.co/yNz5zEoZIV,True
@cansuinannn üôÑüôÑüôÑ,True
k√ºtahya Mehmet Erdemle 1 g√ºnl√ºƒü√ºne g√ºzelle≈üicekti ki ben bursadayƒ±m. snaplerinizi g√∂rmek istemiyorum.,True
Allahƒ±m anne kahvaltƒ±sƒ±ƒ±,True
√ßok konu≈üuyosun be m√ºbarek hi√ß pazartesi sendromunada mƒ± saygƒ±n yok?,True
danlanƒ±n burnunun ucundaki bronzer gibi 1 g√ºn,True
@cansuinannn HAHAHA odalara sƒ±ƒüamadƒ±m,True
RT @cansuinannn: Ba≈üakla 10 dakika falan k√ºs kaldƒ±k √∂l√ºyorum sandƒ±m ba≈üak sen benim bestimsin üíÅüèªüíï,True
Lacivert rujlarƒ±nƒ±zƒ± g√∂rmek istemiyorum,True
"Eski≈üehirdeyken her≈üey ne kadarda g√ºzeldi, geldik yine k√∂y√ºm√ºze",True
I learned to play on the safe side so I don't get hurt,True
bulut ve g√∂ky√ºz√ºne √∂zlemim sonsuz,True
"Bir fiil iki bucuk saattir cansunun teknik resim dersindeyiz, birazdan u√ßucam",True
Herkese hayƒ±rlƒ± cumalar Dursun √ñzbek'e istifa.,True
@1905GSFANS Yolla,True
"RT @HrnKlckMusic: Unutma; sen gelecek planlarƒ± yaparken, hayat da kendi planlarƒ±nƒ± yapƒ±yor.",True
Hadi bana k√ºst√ºn Ahmet'e k√ºst√ºn Mehmet'e k√ºst√ºn Ulan Galatasaray'a nasƒ±l k√ºseceksin ? #Bug√ºnG√ºnlerdenGalatasaray https://t.co/bWAoxklMUi,True
"""O iyi insanlar, o g√ºzel atlara bindiler √ßekip gittiler""

Harun Kol√ßak mekanƒ± cennet olsun. https://t.co/sZXcQOgg24",True
RT @yigofit: @GokalpBatuhan Altay macƒ±nda trib√ºndeydim canlƒ± g√∂rd√ºm ger√ßekten iyiler,True
@yigofit Te≈üekk√ºrler hocam ‚ò∫Ô∏èü§ö,True
@yigofit Kocaelispor,True
"RT @1adetouz: Rte: Alo
Ben: Efendim a≈ükƒ±m
Rte: A≈ükƒ±m mƒ± ??
Ben: Pardon reis ""o"" sandƒ±m...

VE ""O"" HAL SONSUZA KADAR DEVAM EDER",True
"Nedensiz yere g√ºl biraz √ßocuk
Kƒ±sa hayat zaman g√ºl biraz
B√ºy√ºy√ºnce kalcak y√ºk miras
Yalan da olsa sen g√ºl biraz. @sokakkafasi",True
Kimler kimler gitti sen gitsen ne olacak zalƒ±mƒ±n kƒ±zƒ±... https://t.co/D1zgZ945ma,True
RT @toskofacts: Kƒ∞Z KONYADA OTURUYON O GEMƒ∞ Bƒ∞R GUN GELECEK Dƒ∞YO GEMƒ∞LERƒ∞ KARADAN YURUTEN FATƒ∞Hƒ∞ Mƒ∞ BEKLƒ∞YON NAPƒ∞YON AMQ,True
"RT @webaslan: S√∂nd√ºr√ºn kalbimi...
Gidiyor g√∂nl√ºm√ºn efendisi https://t.co/TOuRcJYW9w",True
RT @tribundergi: Geride sadece o kaldƒ±. https://t.co/prRd8WiLgy,True
@cestomina Dursun √∂zbek istifa,True
Tudor acil olarak siktirip git.,True
RT @sporsalbilgiler: Kalori hesabƒ±nƒ± d√ºzenli spor yapmayanlar yapsƒ±n.Spor yapanlar ya≈üam boyu kalori hesabƒ± yapmadan saƒülƒ±klƒ± beslenme uygu‚Ä¶,True
"RT @tribundergi: Cedi Osman, Cleveland Cavaliers ile 3 yƒ±l 8.5 milyon dolarlƒ±k s√∂zle≈üme imzaladƒ±. https://t.co/6zJKXui48O",True
RT @tribundergi: Yeni Kocaeli Stadyumu. https://t.co/dQhBkT6ict,True
RT @regIokan: yaz okuluna kalmƒ±≈üƒ±m https://t.co/WWyDH5PEsX,True
RT @sneijder101010: Great news! @GalatasaraySK finally wants me to start tomorrow with medical checkup and training at Florya ‚öΩÔ∏èüëçüèªüëåüèª#nextse‚Ä¶,True
RT @J15V1: D√ºnya b√∂yle insanlarƒ±n hatƒ±rƒ±na d√∂n√ºyor https://t.co/FiYmRywmhj,True
@yigofit Aman hocam kƒ±yamet mi yakla≈üƒ±yor yoksa üòÄ,True
"RT @onudabitirin: O iyi insanlar,
O g√ºzel arabalara binip
Escort oldular",True
üåû @ Ak√ßay https://t.co/rsKNVyxcQ3,True
@rumeysahazal Nereye karde≈üim üòÇ,True
Abi ƒ∞zmit beee,True
"RT @HalilSoyletmez: CUMALƒ∞ CEBER - FRAGMAN 

(4 Aƒüustos'ta Sinemalarda) https://t.co/kKGs52xyd0",True
@_batuhandanis Fotoƒürafta karakter eksikliƒüi var bro üòÇ,True
Ergin Ataman'ƒ±n askerleriyiz! https://t.co/009vTHHNOf,True
"RT @esasmutluluk: Hayatta √∂ƒürenilecek ve √∂ƒüretilecek ilk ders iyilik olmalƒ±, gerisi sonra kendiliƒüinden gelir. https://t.co/PZanVotyks",True
RT @GokhanKaracavus: G√∂rd√ºƒü√ºm en m√ºkemmel gif olabilir ya https://t.co/BbaKNhFtgo,True
"RT @kuzeyguneykg: +Bana tekrardan g√ºvenir misin?
- https://t.co/g3M0OF2r7z",True
@YigitAnil Aga yak yak,True
@YigitAnil Geceye bir beklenmeyen bƒ±rak...,True
@YigitAnil Ahahahahahjaajjajj üòÇüòÇüòÇüòÇ,True
Bu saatte bunu g√∂rmeyi beklemiyordunuz deƒüil mi ? Kdnsnsnsn https://t.co/PWqT1aGYMf,True
RT @benhurbayrak: Peki bundan 3. Havalimanƒ±nƒ±n haberi var mƒ±? https://t.co/lrqBAYCZmt,True
RT @hazardovic10: Amk ≈üovmeni burda √ßay falan i√ßiyodu 2 g√ºnde nasƒ±l da japon olmu≈ü o√ß :D https://t.co/AnxegR5xLj,True
"I'm at @StarbucksTr in Edremit, Balƒ±kesir https://t.co/tMbYSM5ifI",True
Karde≈üim mekan hayƒ±rlƒ± olsun @benhurbayrak https://t.co/hzM693gnoT,True
Her taraftan aynƒ± ses; gel gel girince alƒ±≈üƒ±yorsun. üåû,True
ƒ∞yi geceler. https://t.co/qKswoHyfLY,True
RT @efekuruscu: ≈û√∂yle bir karede bana d√º≈üen rol arkada telefon ≈üarj eden adamla aynƒ±. https://t.co/8UUJoRPDMM,True
"RT @AnilCkc: T√ºrk sinemasƒ±nƒ±n unutulmaz ismi #KemalSunal' ƒ± aramƒ±zdan ayrƒ±lƒ±≈üƒ±nƒ±n 17. yƒ±l d√∂n√ºm√ºnde saygƒ±, sevgi ve rahmetle anƒ±yoruz.. htt‚Ä¶",True
RT @GalatasaraySK: T√ºrk Sinemasƒ±'nƒ±n unutulmaz ismi Kemal Sunal‚Äôƒ± √∂l√ºm√ºn√ºn 17. yƒ±lƒ±nda saygƒ± ve rahmetle anƒ±yoruz. https://t.co/pgUYKJo8zs,True
"Eƒüer hayatƒ±nƒ± deƒüi≈ütirebilecek, tek bir insan arƒ±yorsan; Aynaya bak!",True
RT @biciyo: √áare klima https://t.co/z4SlJdpIov,True
RT @yalnizaslan: Bu kadar orospu cocugu olmak zorunda degilsiniz https://t.co/pZwNhXcPvb,True
RT @Ubiihh: #KemalSunal üôèüèª https://t.co/qI8nePo9Lw,True
Mekanƒ±n cennet olsun g√ºzel insan. #KemalSunal https://t.co/8u7fvBvMrj,True
RT @CanlilarDunyasi: ≈ûu manzarayƒ± g√∂r√ºp de utanmƒ±yorsak yazƒ±klar olsun bize https://t.co/guEfhXYuXO,True
RT @egospuadam: Kadƒ±nlarƒ± anlamak https://t.co/0DAhHEDV2j,True
RT @ALKOLKAFAYAPAR: gelin sƒ±caktan erimi≈ü ya https://t.co/j8R9fBoZnR,True
Sizde klimanƒ±n altƒ±na yatƒ±p bayƒ±lanlardan mƒ±sƒ±nƒ±z ?,True
≈ûaka gibi; esiyor. üåûüå¨,True
https://t.co/U4Nn1a0etw,True
@Plnerkan Tweeti yazarken buharla≈üman gerekiyordu üòÖ,True
@Plnerkan Shop mu bu yoksa üòÇ,True
RT @officialalihan: Sigara akciƒüeri √∂ld√ºr√ºyor diyolar da ≈üuan akciƒüer sigaradan daha ucuz,True
@ozgururunn Hahaha benim en √ßok g√∂rd√ºƒü√ºm bu kanka bununla idare edelim ≈üimdilik üòÄ,True
RT @cnksavas: Babam i≈ü yerine 16 tane klima taktƒ±rmƒ±s. Artƒ±k ailecek burda ya≈üiyoz.. https://t.co/r488B2rJZF,True
Selamun aleyk√ºm mekanƒ±n sahibiyim. üî™üî™ https://t.co/A2o2grMBhg,True
"Boyum 1,55 1/1 banko geliyorum. ü§ì",True
Bu g√∂zler bunuda g√∂rd√º. üëÄ https://t.co/Y6sQ1t9Sq0,True
RT @Gokhenks: Her boka yak yak yak diyenler alƒ±n buna da yakƒ±n https://t.co/2NrstOfWK9,True
Zalimin zulm√º varsa sevenin klimasƒ± var. üåö,True
Denizden geldikten sonra pencerenin yakƒ±nƒ±ndaki yatakta esen r√ºzgar ≈üeklinde uyuyakalmak ‚ù§Ô∏è,True
"RT @GalatasaraySK: Bafetimbi Gomis ƒ∞stanbul‚Äôda
https://t.co/q9WWaSm6vC https://t.co/EB9n6EQDlB",True
"RT @tribundergi: TRANSFER - Bafetimbi Gomis, Galatasaray'da https://t.co/knUliuy1mw",True
"Semt Beykoz! üê¨ @ Beykoz, ƒ∞stanbul https://t.co/HHlKtYnkNL",True
"≈ûeker tadƒ±nda bayramlarƒ±nƒ±z olsun üåºüç≠ @ Ketenciler, Kocaeli, Turkey https://t.co/V8Q6ZFeJcG",True
RT @sucuriza35: CANIMI CANINA KATARCASINAAAAA https://t.co/rYpXOt0dXY,True
RT @hissiz_bey: ACƒ∞L Cƒ∞ƒûER NAKLƒ∞ BEKLEYEN BU KARDE≈ûƒ∞Mƒ∞Z ƒ∞√áƒ∞N L√úTFEN RETWEET YAPIP YAYALIM. ALLAH ACƒ∞L ≈ûƒ∞FA VERSƒ∞N. https://t.co/bfJCynwXq0,True
Bin aydan daha hayƒ±rlƒ± olan Kadir Geceniz m√ºbarek olsun. üåπüïã#KadirGecesi,True
Olaylara kar≈üƒ± duru≈üum https://t.co/wADk2JDPNi,True
"RT @SabriReyiziniz: 18 yƒ±ldƒ±r formam par√ßalƒ±ydƒ±, bug√ºn y√ºreƒüim :(",True
"RT @onudabitirin: ""Bu d√ºnyada ne yaptƒ±n?"" derlerse, ""hayatƒ±ma y√ºkte aƒüƒ±r, pahada 5 para etmez insanlar aldƒ±m"" derim",True
"RT @tribundergi: Ge√ßmi≈ü olsun T√ºrkiye...
#Deprem, Ege Denizi 6.3 ‚ö°Ô∏è",True
"RT @0smanlisporFK: ""Kalecinin boyunu a≈ütƒ± gol deƒüil aut, adamƒ±n faul dedi bi kere, 3 adƒ±m baraj dur..."" neslinin ""adam gibi adam"" √ßocuklarƒ±‚Ä¶",True
"RT @tonjukuk: Mahalle ma√ßƒ±nda sevdiƒüi futbolcunun yerine kendini koyup, adƒ±nƒ± s√∂yleye s√∂yleye √ßalƒ±m atmak yerine ""kanalƒ±ma ho≈ügeldiniz...""‚Ä¶",True
RT @toskofacts: VAAAY KARDESƒ∞M DEMEK KOLAY Bƒ∞ ƒ∞NSAN DEGƒ∞LSƒ∞N VE ƒ∞NSANLARƒ∞ KOLAY KOLAY SEVEMƒ∞YOSUN NE KADAR DA ƒ∞NSANLAR ALEMƒ∞Nƒ∞N Sƒ∞Kƒ∞NDE OLA‚Ä¶,True
RT @toskofacts: KANKƒ∞ BU SES NE YA HASSSƒ∞KTƒ∞R SU ARABADAN GELƒ∞YOMUS HARƒ∞KA YA SON SES MUZƒ∞K ACMƒ∞S BAKSANA DUR YA Bƒ∞ ƒ∞ZLƒ∞Yƒ∞M OFFF KESKE O BA‚Ä¶,True
@gkhankrcli Haklƒ±sƒ±n kanka üòí,True
"RT @RIDOLLEGA: ben: nerelisin?
kƒ±z: konya
ben: https://t.co/QpEQ5vDHWp",True
RT @AnilSardal: Bu insanlar nasƒ±l bu kadar mutlu,True
RT @toskofacts: VAYYYY KARDESƒ∞M DEMEK 727737 Kƒ∞Sƒ∞YLE KONUSUYOSUN NE KADAR HAVALƒ∞ YA SANA BAYA ASƒ∞K BU Kƒ∞ZLAR GALƒ∞BA OHA LAN KANKƒ∞ BAKSANA P‚Ä¶,True
"RT @tribundergi: G√∂ztepe artƒ±k ""ƒ∞√ßerde"". https://t.co/haqsJ5BrJ1",True
@AnilSardal @benhurbayrak @benhurbayrak Benhur'cum b√∂yle d√º≈üer mi ?,True
@AnilSardal @benhurbayrak D√º≈ümeden son 5 dk √∂nce....,True
"RT @onudabitirin: Ho≈ülanƒ±lan kƒ±zƒ±n kahvaltƒ±da ""ortaya ciƒüer s√∂yleyelim mi?"" diye sormasƒ±",True
Finali bitiyor b√ºt√º ba≈ülƒ±yor b√ºt√º bitiyor yaz okulu ba≈ülƒ±yor ama k√¢tiyen okul bitmiyor!,True
RT @atakannozyurt: Stres atmƒ±≈üsƒ±n belli https://t.co/qbZfil2gkO,True
"RT @onudabitirin: Bazƒ± maddelerin doƒüada yok olma s√ºreleri;

Teneke kutu:300 yƒ±l
Bebek bezi:550 yƒ±l
Plastik torba:1000 yƒ±l
Bendeki dert: So‚Ä¶",True
RT @BiIlionaires: this place just looks like pure relaxation üòå https://t.co/znbFwB3OO6,True
"RT @onudabitirin: Ne a√ßlƒ±k bekler iftarƒ±,
Ne bi yudum suya bakar.
Ne de hurma, bir sofrayƒ±,
Sigara beklediƒüim kadar...",True
Gel banaaa konu≈ü banaaa,True
Tebrikler Fenerbah√ße üáπüá∑üáπüá∑,True
"I'm at @StarbucksTr in ƒ∞zmit, Kocaeli https://t.co/cbWMwm0j09",True
RT @Patiscope: Hayatƒ±nƒ±zda sizin i√ßin b√∂yle endi≈üe edecek ka√ß insan var ? https://t.co/BsH0uWOiTu,True
Bazen severken i√ßine sokmak istersin ya evet i≈üte tamda o üê•üíïüê¢ @‚Ä¶ https://t.co/51NCJAdfW0,True
"Misim, iyi ki geldin. üê•üíïüê¢                        
KOCAMAN SEVƒ∞YüíúRUM!‚Ä¶ https://t.co/CYybpVrMls",True
RT @AltugYucel: Niagara ≈üelalesi olsa beƒüenirdiniz ama burasƒ± bu sabah Gayrettepe metro duraƒüƒ±. üôàüôàüò≥ https://t.co/h8TJM0az6r,True
RT @kubraakalin: Kƒ±skanƒ±yorlar √ºlkemizi! Bu metrob√ºs ba≈üka nerede var? https://t.co/lngY5Tn5cH,True
"RT @TuhafAmaGercek: Sel alƒ±r g√∂t√ºr√ºr...Gitmiyor, orda kalƒ±yorsa bu sel deƒüildir. Altyapƒ± eksikliƒüidir, i≈üg√ºzarlƒ±ktƒ±r, sorumsuzluktur. https‚Ä¶",True
RT @otekidunyali: Ne kadar mutlu ve yaƒümurlu bir ƒ∞stanbul g√ºn√º https://t.co/prVa7dRWus,True
"I'm at Emirgan Korusu in Sarƒ±yer, Istanbul w/ @oguzdeniz https://t.co/5UdJaaai4b https://t.co/UpUehFDwVr",True
RT @MelisAnnCotton: ADJSNSJSNS MUAZZAM https://t.co/33NL0aM6W3,True
RT @CanlilarDunyasi: Kabus g√∂ren yavru Kedi ve bir ≈üey yok bir ≈üey yok diyen anne Kedi https://t.co/uzaoEdpTwA,True
"I'm at Cevahir in ≈ûi≈üli, ƒ∞stanbul https://t.co/2C7z0hxtFt",True
"RT @Acerakis: Son d√∂nem izlediƒüim en muazzam 'kendini iyi hisset' videosu. Luis Fonsi'nin ""Despacito""suna tutkun Yana'ya, babasƒ±nƒ±n tatlƒ± e‚Ä¶",True
"Python ƒ∞stanbul (@ Bah√ße≈üehir √úniversitesi in Be≈üikta≈ü, Istanbul) https://t.co/bLuMKMURwd",True
"ƒ∞zleyip izleyip mutlu oluyorum, the best tv series I've ever seen! #Sense8 https://t.co/vs0aDzA86R",True
Staj g√ºnleri üë©üèº‚Äçüíª @ SC3 https://t.co/7ho3WMzNfA,True
I'm at SC3 - Cloud Super Computing Center in Istanbul https://t.co/7dxCiczwoF,True
RT @TuhafAmaGercek: Siz hi√ß g√∂beƒüi √ºst√ºnde yama√ßtan kayan bebek fil g√∂rd√ºn√ºz m√º? üòç https://t.co/SgHWnlBPie,True
Minno≈ü bedenim uykusuzluƒüu kaldƒ±ramƒ±yor sanƒ±rƒ±m birazdan k√∂≈üeye ge√ßip uyuyacaƒüƒ±m,True
8 stajyerin i√ßinde tek kƒ±z olmak..,True
"RT @HergunYeniBilg: Bir kap su bƒ±rakma i≈üi i√ßin 1 dakikanƒ±zƒ± ayƒ±rƒ±n yeter.. 
Su her canlƒ± i√ßin ya≈üamdƒ±r! Bug√ºn bir can kurtarƒ±n! | https://‚Ä¶",True
@cansuinannn Hi√ß hazƒ±r deƒüilim üôÑ,True
@nursemagulmez Kesinlikle bayƒ±ldƒ±m üòÇ,True
Son zamanlarda aynen b√∂yleyim https://t.co/yLHtvMirSl,True
"RT @THR: Netflix: ""We decided to give #Sense8 fans the ending they totally deserve"" https://t.co/wfAjCj6VL8",True
RT @BrianJacobSmith: YOU GUYS FUCKING DID IT!!!!!!!!!!!!!!!!!!!!!! https://t.co/MtQSOIsH4e,True
Sezon a√ßƒ±ldƒ± ‚òÄÔ∏è @ Suma Beach https://t.co/io5BMkuws2,True
RT @melsyazici: √ßok gezince ve √ßok sevince tivit atƒ±lmƒ±yo onu farkettim,True
Love always wins! #Pride2017,True
@cezvedici Benim arkada≈ülarƒ±mdan belediye hesaplarƒ± a√ßanlar var hey gidi hey,True
RT @TuhafAmaGercek: Paris #Pride2017 https://t.co/RAsWwxQrfe,True
@cezvedici Fake hesap a√ßƒ±p takip etsin ≈üimdilik tek √ß√∂z√ºm,True
@cezvedici En √ßok duyduƒüum Facebook ≈üifresini kƒ±rabiliyor musun oldu,True
@cezvedici Duyduƒüum en haklƒ± isyanüëèüèª,True
RT @oguzatbas: asdfhjskdghsdjks https://t.co/HdshYNckmK,True
@ufukcetintav Pardon da kƒ±zlara √∂zel olduƒüunu kim s√∂yledi üíÅüèº Tabiki yapacaksƒ±n temizlik bu imandan gelir aferin,True
Bayram temizliƒüi‚úîÔ∏è,True
RT @barisatay: Bu namussuzluktan √∂te su√ßa te≈üvik... https://t.co/jrKOw2vwgX,True
RT @ziyaturp: 7 yƒ±l √∂nce bug√ºn. https://t.co/eQysjcGHCC,True
"RT @CapaMag: Orman ve Su ƒ∞≈üleri Bakanƒ± Veysel Eroƒülu: ""Pet shop'larda hayvan satƒ±≈üƒ± yasaklanacak, t√ºm canlƒ±larƒ± sevmemiz lazƒ±m"" üëèüèºüëèüèºüëèüèº http‚Ä¶",True
RT @yinemihakliyim: ben hayata biraz da buradan bakmak istiyorum artƒ±k https://t.co/fzBV7SLX6g,True
RT @feyzaltun: Ba≈üka s√∂ze gerek var mƒ±? https://t.co/rdYtMqbLqW,True
RT @KemalEksioglu: Oƒüluyla d√ºnyanƒ±n en sevimli anlarƒ±nƒ± ya≈üayan baba https://t.co/RYD3BZZjTl,True
Bu ƒ±≈üƒ±klarƒ± g√∂rmeden √∂lmek istemiyorum‚ú® https://t.co/Gw2DGdlQoY,True
"üê•üéà @ K√º√ß√ºkkumla, Bursa, Turkey https://t.co/WU47s4OPM8",True
"RT @CapaMag: Vancouver, petshoplarda kedi, k√∂pek ve tav≈üan satƒ±lmasƒ±nƒ± yasaklamaya hazƒ±rlanƒ±yor. Bu arada, Doƒüru Karar Almak 240 sayfadƒ±r.‚Ä¶",True
RT @baatuyilmaz: tatil planƒ±m https://t.co/xMU3d0NYHr,True
"RT @CapaMag: Can dostu ≈üampiyon! ƒ∞ngiltere'deki bir binicilik okulunda,  8 aylƒ±k minik Ruby'e bakƒ±cƒ±lƒ±k eden safkan at y√ºreƒüinizi ƒ±sƒ±tacak.‚Ä¶",True
RT @PuCCaa: ƒ∞ste tam bu yuzden o otobusler olmamali. 'O da pembe otobuse binseymis!' diye dolanacakti kiyma beyinliler./ https://t.co/0Nrxf‚Ä¶,True
"RT @CapaMag: √ñzellikle √ßocuklar! Royal College of Nursing, hastalarƒ±n yanƒ±na hayvanlarƒ±n girmesine izin verimesinin, tedaviye yardƒ±mcƒ± olac‚Ä¶",True
"RT @TuhafAmaGercek: Aksiyon Filmi Gibi 

Seoul Grand Park'ta havuza d√º≈üen minik filin imdadƒ±na annesi ve babasƒ± yeti≈üti. [üé•:FB/Seoul Grand‚Ä¶",True
"RT @ceteraetcetera: gunaydin, guzel bir gun olsun https://t.co/68102ebw21",True
RT @TuhafAmaGercek: Be≈üikta≈ü Belediye Binasƒ±na G√∂kku≈üaƒüƒ± Bayraƒüƒ± Asƒ±ldƒ± https://t.co/bUw7YdD0lD,True
@milleux Bence yakƒ±≈üƒ±r üéà‚ò∫Ô∏è,True
RT @efekuruscu: bana kimse b√∂yle bakmadƒ± https://t.co/cHFwJOFoii,True
RT @TuhafAmaGercek: ≈ûu an sokakta adalet arayanlarƒ±n bir √ßoƒüu ge√ßmi≈üte t√ºrban yasaƒüƒ±na kar≈üƒ± da sokakta adalet arƒ±yordu. https://t.co/5TnMT‚Ä¶,True
Evde oturmaktan izlemediƒüim dizi kalmadƒ±. Tatilim tam gaz devam ediyor,True
@FBaspinar Hi√ß yakƒ±≈ümƒ±yor fƒ±rat Ba≈ükan üòÇüòÇ,True
@FBaspinar ƒ∞nsan bunu buraya koymaya utanƒ±r üòí,True
@huseyiinyasar Bayramdan sonra ƒ∞stanbuldayƒ±m ona g√∂re...,True
@huseyiinyasar Ba≈ükan biliyosun evde oturmak bana g√∂re deƒüil üòÇ,True
"RT @CapaMag: Chicago √úni., k√∂pekle b√ºy√ºmenin bebeklerin baƒüƒ±≈üƒ±klƒ±k sistemlerini g√º√ßlendirdiƒüini a√ßƒ±kladƒ±. Bu arada, K√∂pek Kalbi 160 sayfadƒ±‚Ä¶",True
Tatilimi bir g√∂rselle √∂zetleyebilirim https://t.co/e53Wwquy5U,True
"RT @oguzatbas: ƒ∞nsanlarƒ± deƒüil, hayvanlarƒ± sevin. https://t.co/DwQ0y8Y04z",True
@Ssibelasln @madeofbronze Sizde bir karar verin ama üôàüòÇ,True
@Ssibelasln @madeofbronze Bende ba≈ülayacaktƒ±m ba≈ülamayayƒ±m o zaman üòÇ,True
RT @bakistebuolmadi: M√ºkemmel √∂tesi olmu≈ü ya &lt;333 https://t.co/ARgG5yBRAI,True
@milleux Sƒ±rf bu y√ºzden 2. Sezona ba≈ülayamƒ±yorum hemen bitmesin diye üòî,True
@cansuinannn Bu aralar dizi arƒ±yorum zaten bakƒ±yƒ±m a≈ükito ‚ô•Ô∏è,True
"@bellencarter Umarƒ±m geri gelir, hakediyorlar",True
@bellencarter Bulduƒüum gibi kaybetmemde hayatƒ±n bana √ßokta sevinme deme ≈üekli sanƒ±rƒ±m üòî,True
"Hayatƒ±mƒ±n en g√ºzel dizisini buldum, sense8 sen nasƒ±l bir ≈üeysin",True
"RT @Evseksisi: Bize efsane a≈üklarƒ± yanlƒ±≈ü √∂ƒürettiler...
Kerem'le Aslƒ±, Ferhat'la ≈ûirin dediler...
Onlar Nomi ve Amanita a≈ükƒ±nƒ± hi√ß bilmedil‚Ä¶",True
RT @TuhafAmaGercek: Tamam sen √ºstte ol https://t.co/BwurWKeOJd,True
@madeofbronze Ahahah bizde b√∂yle üòÇ,True
@madeofbronze Ahaha hayattaki duru≈üumüòÇ,True
RT @mizantropii: Sevmek m√ºbalaƒüa sanatƒ±dƒ±r abartƒ±n https://t.co/gqKt0Nygf5,True
RT @HergunYeniBilg: Sahibi aƒülayan k√∂pek ne yapar? https://t.co/e0Mrxl9VwK,True
"RT @CapaMag: √áok b√ºy√ºk hediye! Hindistan'daki Gujarat Kasabasƒ±, yerel kriket turnuvasƒ±nƒ± kazanan takƒ±mƒ±n t√ºm oyuncularƒ±na birer inek hediye‚Ä¶",True
RT @Argostroloji: Ben b√∂yle eƒüitim sisteminin i√ßine t√ºk√ºreyim.Atanamayan bi ton insan varken bunun gibi yav≈üaklar bu devletin ekmeƒüini yiyo‚Ä¶,True
Finallerde ben https://t.co/hekQjZbdi9,True
RT @HergunYeniBilg: √áocuklarƒ±nƒ±za ƒ∞yiliƒüi ve G√ºzelliƒüi A≈üƒ±layƒ±n... https://t.co/Ppdq1t7RnN,True
"RT @CapaMag: O anneye yetmez! Chapman √úni., el ve ayaklarƒ± fel√ßli olan oƒülunun her MBA dersine gelip not tutan annesine, mezuniyette fahri‚Ä¶",True
RT @nursemagulmez: Android √∂devini yaparken ben https://t.co/m5Qq4Rg3J7,True
RT @otekidunyali: D√ºnyanƒ±n en g√ºzel sarƒ±lmasƒ± https://t.co/IpZLgFKlaj,True
RT @hakanhepcan: Son https://t.co/VGJXhiccOl,True
RT @hakanhepcan: Biraz mazi diyelim mi https://t.co/f4tk0lJwCV,True
RT @tuhafamasahici: D√º≈ü√ºk b√ºt√ßeli Shape of You cover'ƒ±. https://t.co/pdsAU4lqz8,True
RT @cirkinmarul: ARTIK √ñDEV YAPMAK ƒ∞STEMƒ∞YORUM!no! https://t.co/At8JTPO9sB,True
RT @Argostroloji: Ya ahahahahahahhahahahahqjajaoslslslls https://t.co/jli4LeHusi,True
RT @ecevitbey: https://t.co/XORFUpsJFV,True
RT @HergunYeniBilg: √úlkemizde uygulanan geri d√∂n√º≈ü√ºm ile sokak hayvanlarƒ±na mamaya kavu≈üturan bu g√ºzel proje yabancƒ± medyanƒ±n ilgi odaƒüƒ± ol‚Ä¶,True
Bayƒ±ldƒ±k‚ô•Ô∏è‚ô•Ô∏è‚ô•Ô∏è (@ Makarello in K√ºtahya w/ @oguzdeniz) https://t.co/xAbc1xtklg,True
RT @incicaps: Hayata bakƒ±≈ü a√ßƒ±mƒ±z ahauaƒ±aƒ± https://t.co/aZrMF5WqTB,True
I'm at @BurgerKingTr in K√ºtahya w/ @oguzdeniz https://t.co/o0EDrhegjr,True
Projenizi buldumüí• @FBaspinar @EvreCan https://t.co/IEaPMfycMa,True
RT @RONKAYARSLAN: hafta sonlarƒ± ben ; https://t.co/OUblZC0M5Z,True
RT @AnilCkc: Milleti trolleyen ≈üerefsiz dj https://t.co/dd5IAgVHwI,True
RT @weirdanimalsgo: DOES HE KNOW HOW SMALL HE IS https://t.co/sO2a4KdYXE,True
I'm at River Cafe - @rivereskisehir in Eski≈üehir w/ @fbaspinar @oguzdeniz https://t.co/o9uqFhjhWT,True
RT @oguzatbas: ka√ß kadeh kƒ±rƒ±ldƒ± minno≈ü g√∂nl√ºmde https://t.co/lKDrnvtEYt,True
RT @9GAGGifs: Best way to kill time! https://t.co/bp1qWm77KH,True
RT @zboah: https://t.co/kgfvXyYGRr,True
RT @moikinda: Bir yara sar. https://t.co/wzK4bb9v2b,True
RT @stalklamadim: neden kilo veremiyorsun diyenlere cevabƒ±m https://t.co/znrMA2eVG2,True
RT @Muthisbilim: Bir m√ºhendisle randevunuz varsa romantik s√ºrprizlere hazƒ±r olun üòâ https://t.co/e7GiqzPERv,True
bursanƒ±n tortellini a√ßƒ±ƒüƒ±nƒ± napƒ±caz?! adamlar iskenderden ba≈üka bir≈üey tanƒ±mƒ±yorlar,True
@cansuinannn Best!!!,True
@cansuinannn Acƒ±ya duvar gibi durmayƒ± √∂ƒürendim üòú,True
Ay ger√ßekten i√ßimi a√ßmƒ±yosun,True
RT @dilininucundaki: aƒüustos b√∂ceklerinin sesi √∂yle g√ºzel ki acaba bunlar birbirlerine hi√ß yalan s√∂yl√ºyor mudur diye d√º≈ü√ºn√ºrken buldum kend‚Ä¶,True
12 ya≈üƒ±ndaki kuzenime neden bu g√∂zl√ºƒü√º se√ßmi≈üler bi fikrim yok √ßocuk atom karƒ±nca gibi dola≈üƒ±yor ortalƒ±kta https://t.co/q3JJIHY3Xf,True
https://t.co/fzmT23bKGL,True
RT @yatzibarlan: kƒ±lƒ±√ßdaroƒülu powerbank ta≈üƒ±yo yanƒ±nda https://t.co/p1xAC60GVi,True
RT @bayozof: Seyahat ya Resulullah https://t.co/ciicv0HsoF,True
RT @CapaMagMagazin: Brezilya'da kendi g√∂z√ºne taktƒ±ƒüƒ± oyuncak bebek g√∂z√º √ßƒ±kmayƒ±nca h√ºng√ºr h√ºng√ºr aƒülayan kƒ±z... https://t.co/CtMHQeWGrc,True
RT @stalklamadim: Hayat kƒ±sa k√∂pekler https://t.co/C0khJfTzXi,True
√ßok ≈ü√ºk√ºr bug√ºnde verimliliƒüi arttƒ±ramadƒ±m,True
RT @stalklamadim: Klimalƒ± ortamdan dƒ±≈üarƒ±ya √ßƒ±ktƒ±m https://t.co/MIz3U3O2pL,True
yine espirili 1 ki≈üilik ve yine hi√ßbir ayrƒ±ntƒ±yƒ± atlamayan biriciƒüim‚úåüèªÔ∏èüíñ https://t.co/uGuSiFO8Km,True
RT @BabyAnimalGifs: I Could Never Say No To Him.. https://t.co/bJJBKQxnGw,True
RT @madebybaskan: Nemoyu pezevenklerin elinden gittim aldƒ±m https://t.co/7WtQwFmN8e,True
"annemden ibretlik tespit "" sen yarƒ±n git bi fabrika ortamƒ±nƒ± g√∂r sonra nasƒ±l √∂ƒüretim g√∂revlisi olmak i√ßin can atƒ±caksƒ±n """,True
"√ºretim stajƒ± diye gidiyorum,umarƒ±m 3 hafta g√∂rd√ºƒü√ºm tek ≈üey fotokopi makinesi ve vileda olmaz.",True
staj is coming,True
"Cansu yokken top10 dan bir habersiz ya≈üƒ±yorum resmen, kƒ±z klip saatlerini bile takip ediyordu",True
yarƒ±n suba≈üƒ±nƒ±n doƒüum g√ºn√º tehlikenin farkƒ±ndamƒ±sƒ±nƒ±z?,True
RT @melsyazici: birini sevip sevmediƒüimi d√º≈ü√ºn√ºrken acaba canƒ± yansa √ºz√ºl√ºr m√ºy√ºm diyorum √ß√ºnk√º genelde acƒ±lara kar≈üƒ± tepkisizim,True
RT @SatoYagmur: Son zamanlarda aynen b√∂yleyim https://t.co/yLHtvMirSl,True
Beni be≈üikta≈üa ordan midyeci ahmete atƒ±n,True
RT @otekidunyali: Fahriye evcenle burak √∂z√ßivit evlenmi≈ü soldaki ben https://t.co/ZQypzQQeva,True
sƒ±radanla≈ümayƒ±n,True
"aileden bile olsan y√ºz√ºne d√∂n√ºp samimiyetsizsin diyip ka√ßasƒ±m geliyor,,,",True
"√áenesiyle her istediƒüini yaptƒ±rabilicek 1 kesim tanƒ±yorum, ka√ßƒ±n",True
RT @stalklamadim: Ben bir kadƒ±nƒ±m.Eksik ya da yarƒ±m deƒüilim. https://t.co/rEnxRCI2um,True
"RT @Burakirenn: Odamda yatakta yatarken birinin beni izlediƒüi hissine kapƒ±ldƒ±m. Yabancƒ± deƒüil, kedim mutfaƒüƒ±n camƒ±ndan beni izliyormu≈ü :D h‚Ä¶",True
Death Cab For Cutie - I Will Follow You Into The Dark https://t.co/jkpSyrCGp8 @YouTube,True
@stalklamadim Sting- shape of my heart üíñ,True
RT @kutahyaliniz: K√ºtahya ≈üehir deƒüil k√∂y gibi diye diye onlarda alƒ±≈ütƒ± https://t.co/VPTKSRFIh1,True
RT @icimizdekipic: Bana a√ßƒ±lan kapƒ±lar https://t.co/vdKX3YLsoo,True
"RT @dpudenbiri: ≈ûort giydi diye d√∂v√ºlenin
Dondurma yedi diye azar i≈üitenin
Sosyal medya fotoƒüraflarƒ±ndan √∂t√ºr√º √∂ld√ºr√ºlenin √ºlkesinden iyi k‚Ä¶",True
RT @aniloji: Sezonu a√ßmƒ±≈üsƒ±n belli https://t.co/aBq4P5m633,True
RT @filleruzuldu: mantƒ±k sizi A noktasƒ±ndan B noktasƒ±na g√∂t√ºr√ºr stalk ise her yere,True
RT @ejderhax: √ºz√ºl√ºnce ben de b√∂yle √ßama≈üƒ±r makinesinin i√ßine girmek istiyorum https://t.co/uCkdK64jhD,True
Bir t√ºm√∂r√ºm olsa adƒ±nƒ± sayƒ±sal analiz koyardƒ±m,True
"RT @oguzatbas: ƒ∞nsanlarƒ± deƒüil, hayvanlarƒ± sevin. https://t.co/DwQ0y8Y04z",True
@SatoYagmur Yalnƒ±z deƒüilsin üòç,True
Korku filmlerindeki gibi gardrop kapaklarƒ± a√ßƒ±lƒ±p kapandƒ± te≈üekk√ºrler 6.3 te≈üekk√ºrler √ßanakkale aklƒ±m √ßƒ±ktƒ±üëèüèª,True
@cansuinannn √áƒ±lgƒ±nlar üòÇ,True
RT @cansuinannn: @basakcobann https://t.co/p8kZyaDW9o,True
@cansuinannn √ústteki bo≈ü durdumu pekiüòÇ,True
RT @Mamafih365: Kafeslere Bu Vah≈üi ƒ∞nsanlarƒ± Koysunlar! √áin'de bir hayvanat bah√ßesinde y√∂netimi protesto etmek i√ßin e≈ü≈üeƒüi canlƒ± canlƒ± kapl‚Ä¶,True
k√ºtahyanƒ±n bana kazandƒ±rdƒ±ƒüƒ± tek ≈üey bir kƒ±zkarde≈ü! ≈üimdi onsuz 4 ay nasƒ±l ge√ßicek diye d√º≈ü√ºnmekteyiiiim üòë,True
RT @cansuinannn: Sakaryaya gelmi≈ü olmam Ba≈üak'ƒ± √∂zledim diyip aƒülamama engel deƒüil,True
@cansuinannn Sen benim her≈üeyimsinn!!!!,True
t√ºm t√ºrkiyeyi dola≈ümƒ±≈ü gibi hissediyorum ama asla √ßanakkaleye gidemiyorum 7 saat olmu≈üüòí,True
RT @stalklamadim: E≈üinin yaptƒ±ƒüƒ± √ßantayƒ± sƒ±rtƒ±ndan √ßƒ±karmayan ve e≈üini ti≈üorte bastƒ±rƒ±p giyen Fabri. D√ºnyayƒ± Fabri gibi erkekler kurtaracak‚Ä¶,True
RT @chanelpuke: MY HEART üòçüò≠ https://t.co/fWiWMNRnyn,True
√áanakkale diye √ßƒ±ktƒ±m bursada inesim var nefretimsin KK,True
"Horlayan adamlar,benzersiz ter kokusuna sahip bir muavin,‚Äúyerli fantazi caz‚Äù adinda bir radyo kanali&amp;hararet yapan bir otobus=kamilko√ß",True
RT @kadupulgibi: Kedi versiyonumu buldum. https://t.co/YUqCOPrd7V,True
@seliinaksu Seliiiiiiiiiinnnn muhtesemsin üòéü§ó,True
RT @siyahihiisler: m√ºkemmel bi detaysƒ±n sen https://t.co/CtwXQqQdRl,True
"RT @sarkivesiir: Allah‚Äôƒ±m √ßƒ±kmƒ±≈ü sorar in≈üallah.
Allah‚Äôƒ±m √ßƒ±kmƒ±≈ü sorsun.
Amin.",True
RT @medet2323: Biri ≈üuna insan olmadƒ±ƒüƒ±nƒ± s√∂ylesin artƒ±k ahhaasldfjagds≈üajag≈ülk https://t.co/rRCReBs1KJ,True
RT @buluj_: Haluk Levent √ßok g√ºzel bir incelik yapƒ±yo adamlƒ±k ar≈üa √ßƒ±kmaya devam ediyo. Mutlu son https://t.co/nyK5lfi2Ph,True
iterasyonlarca t√ºkendim,True
"RT @kulfetim: tanrƒ±m yƒ±ldƒ±zlarƒ±na g√ºveniyorum, insanlarƒ±na asla.",True
RT @ugurdayakli: t√ºbitak t√∂vbe projesi uluslararasƒ± alanda kesin i≈ü yapar. https://t.co/XAQmTZDE1h,True
RT @cansuinannn: Eksik konusu olmadan sƒ±nava giren insanlara sƒ±nav stratejileri geli≈ütirip planlar kurduttun termooooo,True
@cansuinannn Sana kƒ±zgƒ±n buhar tablosu diyorum,True
RT @cansuinannn: Soƒüutucu akƒ±≈ükan 134-a gibisiniz,True
2 yƒ±ldƒ±r b√ºt√ºnlemeye bile girmemi≈ü insana termo sƒ±navƒ±na girmeden kalma hayali kurdurtuyorsunuz sayƒ±n ke√ßeciler.,True
"RT @kucukprenstwit: Sana ait olanƒ± bu kadar √∂nemli yapan, onun i√ßin harcadƒ±ƒüƒ±n zamandƒ±r.",True
@cansuinannn Dersini alanlar anlar bence. √ñzellikle muammer gavasƒ± üòÇ,True
"@cansuinannn Ge√ßen ≈üeker fabrikasƒ±nda, rusyayla sorunumuz bor, benim atelyeeeede, biz bunun √ºretimini yapƒ±yoruz,,,,,,,,,",True
"RT @chanelpuke: I'm not even mad, I'm just https://t.co/1qWLRXZcOV",True
kur≈üun askerin sol koluna doƒüru pelerin var. yoksa fazla d√∂k√ºm yapmamƒ±≈üƒ±z yani. anahtarda taaamm odaya uydu. ba≈üarƒ±‚Ä¶ https://t.co/rtwohymgHR,True
nerde bi metal par√ßasƒ± g√∂rsem d√∂k√ºm y√∂ntemi geliyor aklƒ±ma kurtulamƒ±yorum ≈üu projeden,True
Bu nediiiiiiiir üò¨üò¨üò¨üò¨üò¨ https://t.co/b6TxhvTmqj,True
"yeni diziyemi ba≈ülasam, sayƒ±salmƒ± √ßalƒ±≈üsam? i≈üte bunlar hep vicdan. https://t.co/2RyjbBGVxv",True
B√∂l√ºm√ºn g√ºzelliƒüi https://t.co/jcfoCh10Eh,True
Cansunun kahkahalarƒ±da olmasa ≈üu d√ºnya √ßekilmez üòÇ,True
RT @polonop: √ßocuk√ßa davranƒ±p cool olabilmek :) https://t.co/B2PSMohHlz,True
"RT @Muthisbilim: Teredd√ºts√ºz suya atlayƒ±p, boƒüulduƒüunu zannettiƒüi sahibinin hayatƒ±nƒ± kurtaran 2 sadƒ±k kahraman. https://t.co/WWCZzsEsWO",True
RT @Muthisbilim: https://t.co/08WqLGV3Ub,True
RT @keremmar11: Lan 2 saattir buna g√ºl√ºyorum bah√ßede takma di≈ü bulmu≈ü hahahahsgagafs https://t.co/AuDIknGPrS,True
"bellafest yerine evimde anne yemeklerini se√ßtim, d√º≈ü√ºn√ºn artƒ±k boƒüazƒ±mƒ± nasƒ±l sevdiƒüimi",True
RT @atasozutok: √úst katta mahsur kalmƒ±≈ü kedilere salam attƒ±m. Salamlar cama yapƒ±≈ütƒ±. Suratlarƒ± be≈ü karƒ±≈ü. https://t.co/yNz5zEoZIV,True
@cansuinannn üôÑüôÑüôÑ,True
k√ºtahya Mehmet Erdemle 1 g√ºnl√ºƒü√ºne g√ºzelle≈üicekti ki ben bursadayƒ±m. snaplerinizi g√∂rmek istemiyorum.,True
Allahƒ±m anne kahvaltƒ±sƒ±ƒ±,True
√ßok konu≈üuyosun be m√ºbarek hi√ß pazartesi sendromunada mƒ± saygƒ±n yok?,True
danlanƒ±n burnunun ucundaki bronzer gibi 1 g√ºn,True
@cansuinannn HAHAHA odalara sƒ±ƒüamadƒ±m,True
RT @cansuinannn: Ba≈üakla 10 dakika falan k√ºs kaldƒ±k √∂l√ºyorum sandƒ±m ba≈üak sen benim bestimsin üíÅüèªüíï,True
Lacivert rujlarƒ±nƒ±zƒ± g√∂rmek istemiyorum,True
"Eski≈üehirdeyken her≈üey ne kadarda g√ºzeldi, geldik yine k√∂y√ºm√ºze",True
I learned to play on the safe side so I don't get hurt,True
bulut ve g√∂ky√ºz√ºne √∂zlemim sonsuz,True
"Bir fiil iki bucuk saattir cansunun teknik resim dersindeyiz, birazdan u√ßucam",True
Herkese hayƒ±rlƒ± cumalar Dursun √ñzbek'e istifa.,True
@1905GSFANS Yolla,True
"RT @HrnKlckMusic: Unutma; sen gelecek planlarƒ± yaparken, hayat da kendi planlarƒ±nƒ± yapƒ±yor.",True
Hadi bana k√ºst√ºn Ahmet'e k√ºst√ºn Mehmet'e k√ºst√ºn Ulan Galatasaray'a nasƒ±l k√ºseceksin ? #Bug√ºnG√ºnlerdenGalatasaray https://t.co/bWAoxklMUi,True
"""O iyi insanlar, o g√ºzel atlara bindiler √ßekip gittiler""

Harun Kol√ßak mekanƒ± cennet olsun. https://t.co/sZXcQOgg24",True
RT @yigofit: @GokalpBatuhan Altay macƒ±nda trib√ºndeydim canlƒ± g√∂rd√ºm ger√ßekten iyiler,True
@yigofit Te≈üekk√ºrler hocam ‚ò∫Ô∏èü§ö,True
@yigofit Kocaelispor,True
"RT @1adetouz: Rte: Alo
Ben: Efendim a≈ükƒ±m
Rte: A≈ükƒ±m mƒ± ??
Ben: Pardon reis ""o"" sandƒ±m...

VE ""O"" HAL SONSUZA KADAR DEVAM EDER",True
"Nedensiz yere g√ºl biraz √ßocuk
Kƒ±sa hayat zaman g√ºl biraz
B√ºy√ºy√ºnce kalcak y√ºk miras
Yalan da olsa sen g√ºl biraz. @sokakkafasi",True
Kimler kimler gitti sen gitsen ne olacak zalƒ±mƒ±n kƒ±zƒ±... https://t.co/D1zgZ945ma,True
RT @toskofacts: Kƒ∞Z KONYADA OTURUYON O GEMƒ∞ Bƒ∞R GUN GELECEK Dƒ∞YO GEMƒ∞LERƒ∞ KARADAN YURUTEN FATƒ∞Hƒ∞ Mƒ∞ BEKLƒ∞YON NAPƒ∞YON AMQ,True
"RT @webaslan: S√∂nd√ºr√ºn kalbimi...
Gidiyor g√∂nl√ºm√ºn efendisi https://t.co/TOuRcJYW9w",True
RT @tribundergi: Geride sadece o kaldƒ±. https://t.co/prRd8WiLgy,True
@cestomina Dursun √∂zbek istifa,True
Tudor acil olarak siktirip git.,True
RT @sporsalbilgiler: Kalori hesabƒ±nƒ± d√ºzenli spor yapmayanlar yapsƒ±n.Spor yapanlar ya≈üam boyu kalori hesabƒ± yapmadan saƒülƒ±klƒ± beslenme uygu‚Ä¶,True
"RT @tribundergi: Cedi Osman, Cleveland Cavaliers ile 3 yƒ±l 8.5 milyon dolarlƒ±k s√∂zle≈üme imzaladƒ±. https://t.co/6zJKXui48O",True
RT @tribundergi: Yeni Kocaeli Stadyumu. https://t.co/dQhBkT6ict,True
RT @regIokan: yaz okuluna kalmƒ±≈üƒ±m https://t.co/WWyDH5PEsX,True
RT @sneijder101010: Great news! @GalatasaraySK finally wants me to start tomorrow with medical checkup and training at Florya ‚öΩÔ∏èüëçüèªüëåüèª#nextse‚Ä¶,True
RT @J15V1: D√ºnya b√∂yle insanlarƒ±n hatƒ±rƒ±na d√∂n√ºyor https://t.co/FiYmRywmhj,True
@yigofit Aman hocam kƒ±yamet mi yakla≈üƒ±yor yoksa üòÄ,True
"RT @onudabitirin: O iyi insanlar,
O g√ºzel arabalara binip
Escort oldular",True
üåû @ Ak√ßay https://t.co/rsKNVyxcQ3,True
@rumeysahazal Nereye karde≈üim üòÇ,True
Abi ƒ∞zmit beee,True
"RT @HalilSoyletmez: CUMALƒ∞ CEBER - FRAGMAN 

(4 Aƒüustos'ta Sinemalarda) https://t.co/kKGs52xyd0",True
@_batuhandanis Fotoƒürafta karakter eksikliƒüi var bro üòÇ,True
Ergin Ataman'ƒ±n askerleriyiz! https://t.co/009vTHHNOf,True
"RT @esasmutluluk: Hayatta √∂ƒürenilecek ve √∂ƒüretilecek ilk ders iyilik olmalƒ±, gerisi sonra kendiliƒüinden gelir. https://t.co/PZanVotyks",True
RT @GokhanKaracavus: G√∂rd√ºƒü√ºm en m√ºkemmel gif olabilir ya https://t.co/BbaKNhFtgo,True
"RT @kuzeyguneykg: +Bana tekrardan g√ºvenir misin?
- https://t.co/g3M0OF2r7z",True
@YigitAnil Aga yak yak,True
@YigitAnil Geceye bir beklenmeyen bƒ±rak...,True
@YigitAnil Ahahahahahjaajjajj üòÇüòÇüòÇüòÇ,True
Bu saatte bunu g√∂rmeyi beklemiyordunuz deƒüil mi ? Kdnsnsnsn https://t.co/PWqT1aGYMf,True
RT @benhurbayrak: Peki bundan 3. Havalimanƒ±nƒ±n haberi var mƒ±? https://t.co/lrqBAYCZmt,True
RT @hazardovic10: Amk ≈üovmeni burda √ßay falan i√ßiyodu 2 g√ºnde nasƒ±l da japon olmu≈ü o√ß :D https://t.co/AnxegR5xLj,True
"I'm at @StarbucksTr in Edremit, Balƒ±kesir https://t.co/tMbYSM5ifI",True
Karde≈üim mekan hayƒ±rlƒ± olsun @benhurbayrak https://t.co/hzM693gnoT,True
Her taraftan aynƒ± ses; gel gel girince alƒ±≈üƒ±yorsun. üåû,True
ƒ∞yi geceler. https://t.co/qKswoHyfLY,True
RT @efekuruscu: ≈û√∂yle bir karede bana d√º≈üen rol arkada telefon ≈üarj eden adamla aynƒ±. https://t.co/8UUJoRPDMM,True
"RT @AnilCkc: T√ºrk sinemasƒ±nƒ±n unutulmaz ismi #KemalSunal' ƒ± aramƒ±zdan ayrƒ±lƒ±≈üƒ±nƒ±n 17. yƒ±l d√∂n√ºm√ºnde saygƒ±, sevgi ve rahmetle anƒ±yoruz.. htt‚Ä¶",True
RT @GalatasaraySK: T√ºrk Sinemasƒ±'nƒ±n unutulmaz ismi Kemal Sunal‚Äôƒ± √∂l√ºm√ºn√ºn 17. yƒ±lƒ±nda saygƒ± ve rahmetle anƒ±yoruz. https://t.co/pgUYKJo8zs,True
"Eƒüer hayatƒ±nƒ± deƒüi≈ütirebilecek, tek bir insan arƒ±yorsan; Aynaya bak!",True
RT @biciyo: √áare klima https://t.co/z4SlJdpIov,True
RT @yalnizaslan: Bu kadar orospu cocugu olmak zorunda degilsiniz https://t.co/pZwNhXcPvb,True
RT @Ubiihh: #KemalSunal üôèüèª https://t.co/qI8nePo9Lw,True
Mekanƒ±n cennet olsun g√ºzel insan. #KemalSunal https://t.co/8u7fvBvMrj,True
RT @CanlilarDunyasi: ≈ûu manzarayƒ± g√∂r√ºp de utanmƒ±yorsak yazƒ±klar olsun bize https://t.co/guEfhXYuXO,True
RT @egospuadam: Kadƒ±nlarƒ± anlamak https://t.co/0DAhHEDV2j,True
RT @ALKOLKAFAYAPAR: gelin sƒ±caktan erimi≈ü ya https://t.co/j8R9fBoZnR,True
Sizde klimanƒ±n altƒ±na yatƒ±p bayƒ±lanlardan mƒ±sƒ±nƒ±z ?,True
≈ûaka gibi; esiyor. üåûüå¨,True
https://t.co/U4Nn1a0etw,True
@Plnerkan Tweeti yazarken buharla≈üman gerekiyordu üòÖ,True
@Plnerkan Shop mu bu yoksa üòÇ,True
RT @officialalihan: Sigara akciƒüeri √∂ld√ºr√ºyor diyolar da ≈üuan akciƒüer sigaradan daha ucuz,True
@ozgururunn Hahaha benim en √ßok g√∂rd√ºƒü√ºm bu kanka bununla idare edelim ≈üimdilik üòÄ,True
RT @cnksavas: Babam i≈ü yerine 16 tane klima taktƒ±rmƒ±s. Artƒ±k ailecek burda ya≈üiyoz.. https://t.co/r488B2rJZF,True
Selamun aleyk√ºm mekanƒ±n sahibiyim. üî™üî™ https://t.co/A2o2grMBhg,True
"Boyum 1,55 1/1 banko geliyorum. ü§ì",True
Bu g√∂zler bunuda g√∂rd√º. üëÄ https://t.co/Y6sQ1t9Sq0,True
RT @Gokhenks: Her boka yak yak yak diyenler alƒ±n buna da yakƒ±n https://t.co/2NrstOfWK9,True
Zalimin zulm√º varsa sevenin klimasƒ± var. üåö,True
Denizden geldikten sonra pencerenin yakƒ±nƒ±ndaki yatakta esen r√ºzgar ≈üeklinde uyuyakalmak ‚ù§Ô∏è,True
"RT @GalatasaraySK: Bafetimbi Gomis ƒ∞stanbul‚Äôda
https://t.co/q9WWaSm6vC https://t.co/EB9n6EQDlB",True
"RT @tribundergi: TRANSFER - Bafetimbi Gomis, Galatasaray'da https://t.co/knUliuy1mw",True
"Semt Beykoz! üê¨ @ Beykoz, ƒ∞stanbul https://t.co/HHlKtYnkNL",True
"≈ûeker tadƒ±nda bayramlarƒ±nƒ±z olsun üåºüç≠ @ Ketenciler, Kocaeli, Turkey https://t.co/V8Q6ZFeJcG",True
RT @sucuriza35: CANIMI CANINA KATARCASINAAAAA https://t.co/rYpXOt0dXY,True
RT @hissiz_bey: ACƒ∞L Cƒ∞ƒûER NAKLƒ∞ BEKLEYEN BU KARDE≈ûƒ∞Mƒ∞Z ƒ∞√áƒ∞N L√úTFEN RETWEET YAPIP YAYALIM. ALLAH ACƒ∞L ≈ûƒ∞FA VERSƒ∞N. https://t.co/bfJCynwXq0,True
Bin aydan daha hayƒ±rlƒ± olan Kadir Geceniz m√ºbarek olsun. üåπüïã#KadirGecesi,True
Olaylara kar≈üƒ± duru≈üum https://t.co/wADk2JDPNi,True
"RT @SabriReyiziniz: 18 yƒ±ldƒ±r formam par√ßalƒ±ydƒ±, bug√ºn y√ºreƒüim :(",True
"RT @onudabitirin: ""Bu d√ºnyada ne yaptƒ±n?"" derlerse, ""hayatƒ±ma y√ºkte aƒüƒ±r, pahada 5 para etmez insanlar aldƒ±m"" derim",True
"RT @tribundergi: Ge√ßmi≈ü olsun T√ºrkiye...
#Deprem, Ege Denizi 6.3 ‚ö°Ô∏è",True
"RT @0smanlisporFK: ""Kalecinin boyunu a≈ütƒ± gol deƒüil aut, adamƒ±n faul dedi bi kere, 3 adƒ±m baraj dur..."" neslinin ""adam gibi adam"" √ßocuklarƒ±‚Ä¶",True
"RT @tonjukuk: Mahalle ma√ßƒ±nda sevdiƒüi futbolcunun yerine kendini koyup, adƒ±nƒ± s√∂yleye s√∂yleye √ßalƒ±m atmak yerine ""kanalƒ±ma ho≈ügeldiniz...""‚Ä¶",True
RT @toskofacts: VAAAY KARDESƒ∞M DEMEK KOLAY Bƒ∞ ƒ∞NSAN DEGƒ∞LSƒ∞N VE ƒ∞NSANLARƒ∞ KOLAY KOLAY SEVEMƒ∞YOSUN NE KADAR DA ƒ∞NSANLAR ALEMƒ∞Nƒ∞N Sƒ∞Kƒ∞NDE OLA‚Ä¶,True
RT @toskofacts: KANKƒ∞ BU SES NE YA HASSSƒ∞KTƒ∞R SU ARABADAN GELƒ∞YOMUS HARƒ∞KA YA SON SES MUZƒ∞K ACMƒ∞S BAKSANA DUR YA Bƒ∞ ƒ∞ZLƒ∞Yƒ∞M OFFF KESKE O BA‚Ä¶,True
@gkhankrcli Haklƒ±sƒ±n kanka üòí,True
"RT @RIDOLLEGA: ben: nerelisin?
kƒ±z: konya
ben: https://t.co/QpEQ5vDHWp",True
RT @AnilSardal: Bu insanlar nasƒ±l bu kadar mutlu,True
RT @toskofacts: VAYYYY KARDESƒ∞M DEMEK 727737 Kƒ∞Sƒ∞YLE KONUSUYOSUN NE KADAR HAVALƒ∞ YA SANA BAYA ASƒ∞K BU Kƒ∞ZLAR GALƒ∞BA OHA LAN KANKƒ∞ BAKSANA P‚Ä¶,True
"RT @tribundergi: G√∂ztepe artƒ±k ""ƒ∞√ßerde"". https://t.co/haqsJ5BrJ1",True
@AnilSardal @benhurbayrak @benhurbayrak Benhur'cum b√∂yle d√º≈üer mi ?,True
@AnilSardal @benhurbayrak D√º≈ümeden son 5 dk √∂nce....,True
"RT @onudabitirin: Ho≈ülanƒ±lan kƒ±zƒ±n kahvaltƒ±da ""ortaya ciƒüer s√∂yleyelim mi?"" diye sormasƒ±",True
Finali bitiyor b√ºt√º ba≈ülƒ±yor b√ºt√º bitiyor yaz okulu ba≈ülƒ±yor ama k√¢tiyen okul bitmiyor!,True
RT @atakannozyurt: Stres atmƒ±≈üsƒ±n belli https://t.co/qbZfil2gkO,True
"RT @onudabitirin: Bazƒ± maddelerin doƒüada yok olma s√ºreleri;

Teneke kutu:300 yƒ±l
Bebek bezi:550 yƒ±l
Plastik torba:1000 yƒ±l
Bendeki dert: So‚Ä¶",True
RT @BiIlionaires: this place just looks like pure relaxation üòå https://t.co/znbFwB3OO6,True
"RT @onudabitirin: Ne a√ßlƒ±k bekler iftarƒ±,
Ne bi yudum suya bakar.
Ne de hurma, bir sofrayƒ±,
Sigara beklediƒüim kadar...",True
Gel banaaa konu≈ü banaaa,True
Tebrikler Fenerbah√ße üáπüá∑üáπüá∑,True
"I'm at @StarbucksTr in ƒ∞zmit, Kocaeli https://t.co/cbWMwm0j09",True
